task,rep,family,method,algo,r,stage1_kernel,acc,openml_id
banana,0,KFDA,KFDA-1D,kfda,1,linear,0.6834905660377358,1460
banana,0,MY-large_mu,MY-large_mu-r1,large_mu,1,linear,0.6075471698113207,1460
banana,0,MY-large_mu,MY-large_mu-r2,large_mu,2,linear,0.6268867924528302,1460
banana,0,MY-large_mu,MY-large_mu-r3,large_mu,3,linear,0.6820754716981132,1460
banana,0,MY-large_mu,MY-large_mu-r4,large_mu,4,linear,0.7113207547169811,1460
banana,0,MY-large_mu,MY-large_mu-r5,large_mu,5,linear,0.7202830188679246,1460
banana,0,MY-large_mu,MY-large_mu-r6,large_mu,6,linear,0.7278301886792453,1460
banana,0,MY-large_mu,MY-large_mu-r32,large_mu,32,linear,0.839622641509434,1460
banana,0,MY-large_mu,MY-large_mu-r64,large_mu,64,linear,0.845754716981132,1460
banana,0,MY-small_mu,MY-small_mu-r1,small_mu,1,linear,0.5518867924528302,1460
banana,0,MY-small_mu,MY-small_mu-r2,small_mu,2,linear,0.5981132075471698,1460
banana,0,MY-small_mu,MY-small_mu-r3,small_mu,3,linear,0.6349056603773585,1460
banana,0,MY-small_mu,MY-small_mu-r4,small_mu,4,linear,0.6518867924528302,1460
banana,0,MY-small_mu,MY-small_mu-r5,small_mu,5,linear,0.6693396226415095,1460
banana,0,MY-small_mu,MY-small_mu-r6,small_mu,6,linear,0.7004716981132075,1460
banana,0,MY-small_mu,MY-small_mu-r32,small_mu,32,linear,0.8349056603773585,1460
banana,0,MY-small_mu,MY-small_mu-r64,small_mu,64,linear,0.8363207547169811,1460
banana,0,KFDA,KFDA-1D,kfda,1,rbf,0.6768867924528302,1460
banana,0,MY-large_mu,MY-large_mu-r1,large_mu,1,rbf,0.7962264150943397,1460
banana,0,MY-large_mu,MY-large_mu-r2,large_mu,2,rbf,0.7976415094339623,1460
banana,0,MY-large_mu,MY-large_mu-r3,large_mu,3,rbf,0.7990566037735849,1460
banana,0,MY-large_mu,MY-large_mu-r4,large_mu,4,rbf,0.8033018867924528,1460
banana,0,MY-large_mu,MY-large_mu-r5,large_mu,5,rbf,0.814622641509434,1460
banana,0,MY-large_mu,MY-large_mu-r6,large_mu,6,rbf,0.8207547169811321,1460
banana,0,MY-large_mu,MY-large_mu-r32,large_mu,32,rbf,0.8330188679245283,1460
banana,0,MY-large_mu,MY-large_mu-r64,large_mu,64,rbf,0.8287735849056603,1460
banana,0,MY-small_mu,MY-small_mu-r1,small_mu,1,rbf,0.6094339622641509,1460
banana,0,MY-small_mu,MY-small_mu-r2,small_mu,2,rbf,0.6179245283018868,1460
banana,0,MY-small_mu,MY-small_mu-r3,small_mu,3,rbf,0.6367924528301887,1460
banana,0,MY-small_mu,MY-small_mu-r4,small_mu,4,rbf,0.6278301886792453,1460
banana,0,MY-small_mu,MY-small_mu-r5,small_mu,5,rbf,0.6193396226415094,1460
banana,0,MY-small_mu,MY-small_mu-r6,small_mu,6,rbf,0.6254716981132076,1460
banana,0,MY-small_mu,MY-small_mu-r32,small_mu,32,rbf,0.7740566037735849,1460
banana,0,MY-small_mu,MY-small_mu-r64,small_mu,64,rbf,0.7924528301886793,1460
banana,0,KFDA,KFDA-1D,kfda,1,laplacian,0.6683962264150943,1460
banana,0,MY-large_mu,MY-large_mu-r1,large_mu,1,laplacian,0.8339622641509434,1460
banana,0,MY-large_mu,MY-large_mu-r2,large_mu,2,laplacian,0.8377358490566038,1460
banana,0,MY-large_mu,MY-large_mu-r3,large_mu,3,laplacian,0.8575471698113207,1460
banana,0,MY-large_mu,MY-large_mu-r4,large_mu,4,laplacian,0.8589622641509433,1460
banana,0,MY-large_mu,MY-large_mu-r5,large_mu,5,laplacian,0.8650943396226415,1460
banana,0,MY-large_mu,MY-large_mu-r6,large_mu,6,laplacian,0.8650943396226415,1460
banana,0,MY-large_mu,MY-large_mu-r32,large_mu,32,laplacian,0.8825471698113208,1460
banana,0,MY-large_mu,MY-large_mu-r64,large_mu,64,laplacian,0.894811320754717,1460
banana,0,MY-small_mu,MY-small_mu-r1,small_mu,1,laplacian,0.6528301886792452,1460
banana,0,MY-small_mu,MY-small_mu-r2,small_mu,2,laplacian,0.6839622641509434,1460
banana,0,MY-small_mu,MY-small_mu-r3,small_mu,3,laplacian,0.719811320754717,1460
banana,0,MY-small_mu,MY-small_mu-r4,small_mu,4,laplacian,0.7495283018867924,1460
banana,0,MY-small_mu,MY-small_mu-r5,small_mu,5,laplacian,0.7646226415094339,1460
banana,0,MY-small_mu,MY-small_mu-r6,small_mu,6,laplacian,0.7995283018867925,1460
banana,0,MY-small_mu,MY-small_mu-r32,small_mu,32,laplacian,0.8811320754716981,1460
banana,0,MY-small_mu,MY-small_mu-r64,small_mu,64,laplacian,0.894811320754717,1460
breast-cancer,0,KFDA,KFDA-1D,kfda,1,linear,0.6782608695652174,13
breast-cancer,0,MY-large_mu,MY-large_mu-r1,large_mu,1,linear,0.7043478260869566,13
breast-cancer,0,MY-large_mu,MY-large_mu-r2,large_mu,2,linear,0.7043478260869566,13
breast-cancer,0,MY-large_mu,MY-large_mu-r3,large_mu,3,linear,0.7043478260869566,13
breast-cancer,0,MY-large_mu,MY-large_mu-r4,large_mu,4,linear,0.6086956521739131,13
breast-cancer,0,MY-large_mu,MY-large_mu-r5,large_mu,5,linear,0.7043478260869566,13
breast-cancer,0,MY-large_mu,MY-large_mu-r6,large_mu,6,linear,0.6608695652173913,13
breast-cancer,0,MY-large_mu,MY-large_mu-r32,large_mu,32,linear,0.6434782608695652,13
breast-cancer,0,MY-large_mu,MY-large_mu-r64,large_mu,64,linear,0.6869565217391305,13
breast-cancer,0,MY-small_mu,MY-small_mu-r1,small_mu,1,linear,0.7043478260869566,13
breast-cancer,0,MY-small_mu,MY-small_mu-r2,small_mu,2,linear,0.7043478260869566,13
breast-cancer,0,MY-small_mu,MY-small_mu-r3,small_mu,3,linear,0.6086956521739131,13
breast-cancer,0,MY-small_mu,MY-small_mu-r4,small_mu,4,linear,0.6347826086956522,13
breast-cancer,0,MY-small_mu,MY-small_mu-r5,small_mu,5,linear,0.6521739130434783,13
breast-cancer,0,MY-small_mu,MY-small_mu-r6,small_mu,6,linear,0.7043478260869566,13
breast-cancer,0,MY-small_mu,MY-small_mu-r32,small_mu,32,linear,0.6695652173913044,13
breast-cancer,0,MY-small_mu,MY-small_mu-r64,small_mu,64,linear,0.7130434782608696,13
breast-cancer,0,KFDA,KFDA-1D,kfda,1,rbf,0.7217391304347827,13
breast-cancer,0,MY-large_mu,MY-large_mu-r1,large_mu,1,rbf,0.6521739130434783,13
breast-cancer,0,MY-large_mu,MY-large_mu-r2,large_mu,2,rbf,0.6347826086956522,13
breast-cancer,0,MY-large_mu,MY-large_mu-r3,large_mu,3,rbf,0.6173913043478261,13
breast-cancer,0,MY-large_mu,MY-large_mu-r4,large_mu,4,rbf,0.6434782608695652,13
breast-cancer,0,MY-large_mu,MY-large_mu-r5,large_mu,5,rbf,0.6782608695652174,13
breast-cancer,0,MY-large_mu,MY-large_mu-r6,large_mu,6,rbf,0.6695652173913044,13
breast-cancer,0,MY-large_mu,MY-large_mu-r32,large_mu,32,rbf,0.7130434782608696,13
breast-cancer,0,MY-large_mu,MY-large_mu-r64,large_mu,64,rbf,0.7217391304347827,13
breast-cancer,0,MY-small_mu,MY-small_mu-r1,small_mu,1,rbf,0.5478260869565217,13
breast-cancer,0,MY-small_mu,MY-small_mu-r2,small_mu,2,rbf,0.5391304347826087,13
breast-cancer,0,MY-small_mu,MY-small_mu-r3,small_mu,3,rbf,0.6086956521739131,13
breast-cancer,0,MY-small_mu,MY-small_mu-r4,small_mu,4,rbf,0.6347826086956522,13
breast-cancer,0,MY-small_mu,MY-small_mu-r5,small_mu,5,rbf,0.6260869565217392,13
breast-cancer,0,MY-small_mu,MY-small_mu-r6,small_mu,6,rbf,0.6086956521739131,13
breast-cancer,0,MY-small_mu,MY-small_mu-r32,small_mu,32,rbf,0.7130434782608696,13
breast-cancer,0,MY-small_mu,MY-small_mu-r64,small_mu,64,rbf,0.7217391304347827,13
breast-cancer,0,KFDA,KFDA-1D,kfda,1,laplacian,0.6869565217391305,13
breast-cancer,0,MY-large_mu,MY-large_mu-r1,large_mu,1,laplacian,0.5304347826086957,13
breast-cancer,0,MY-large_mu,MY-large_mu-r2,large_mu,2,laplacian,0.6521739130434783,13
breast-cancer,0,MY-large_mu,MY-large_mu-r3,large_mu,3,laplacian,0.6695652173913044,13
breast-cancer,0,MY-large_mu,MY-large_mu-r4,large_mu,4,laplacian,0.6782608695652174,13
breast-cancer,0,MY-large_mu,MY-large_mu-r5,large_mu,5,laplacian,0.6434782608695652,13
breast-cancer,0,MY-large_mu,MY-large_mu-r6,large_mu,6,laplacian,0.6869565217391305,13
breast-cancer,0,MY-large_mu,MY-large_mu-r32,large_mu,32,laplacian,0.6695652173913044,13
breast-cancer,0,MY-large_mu,MY-large_mu-r64,large_mu,64,laplacian,0.7217391304347827,13
breast-cancer,0,MY-small_mu,MY-small_mu-r1,small_mu,1,laplacian,0.5739130434782609,13
breast-cancer,0,MY-small_mu,MY-small_mu-r2,small_mu,2,laplacian,0.6173913043478261,13
breast-cancer,0,MY-small_mu,MY-small_mu-r3,small_mu,3,laplacian,0.6695652173913044,13
breast-cancer,0,MY-small_mu,MY-small_mu-r4,small_mu,4,laplacian,0.6521739130434783,13
breast-cancer,0,MY-small_mu,MY-small_mu-r5,small_mu,5,laplacian,0.6695652173913044,13
breast-cancer,0,MY-small_mu,MY-small_mu-r6,small_mu,6,laplacian,0.6956521739130435,13
breast-cancer,0,MY-small_mu,MY-small_mu-r32,small_mu,32,laplacian,0.6521739130434783,13
breast-cancer,0,MY-small_mu,MY-small_mu-r64,small_mu,64,laplacian,0.7217391304347827,13
breast-w,0,KFDA,KFDA-1D,kfda,1,linear,0.9714285714285714,15
breast-w,0,MY-large_mu,MY-large_mu-r1,large_mu,1,linear,0.9714285714285714,15
breast-w,0,MY-large_mu,MY-large_mu-r2,large_mu,2,linear,0.9607142857142857,15
breast-w,0,MY-large_mu,MY-large_mu-r3,large_mu,3,linear,0.9607142857142857,15
breast-w,0,MY-large_mu,MY-large_mu-r4,large_mu,4,linear,0.9642857142857143,15
breast-w,0,MY-large_mu,MY-large_mu-r5,large_mu,5,linear,0.9642857142857143,15
breast-w,0,MY-large_mu,MY-large_mu-r6,large_mu,6,linear,0.9607142857142857,15
breast-w,0,MY-large_mu,MY-large_mu-r32,large_mu,32,linear,0.9607142857142857,15
breast-w,0,MY-large_mu,MY-large_mu-r64,large_mu,64,linear,0.9642857142857143,15
breast-w,0,MY-small_mu,MY-small_mu-r1,small_mu,1,linear,0.85,15
breast-w,0,MY-small_mu,MY-small_mu-r2,small_mu,2,linear,0.8857142857142857,15
breast-w,0,MY-small_mu,MY-small_mu-r3,small_mu,3,linear,0.9214285714285714,15
breast-w,0,MY-small_mu,MY-small_mu-r4,small_mu,4,linear,0.95,15
breast-w,0,MY-small_mu,MY-small_mu-r5,small_mu,5,linear,0.95,15
breast-w,0,MY-small_mu,MY-small_mu-r6,small_mu,6,linear,0.9571428571428572,15
breast-w,0,MY-small_mu,MY-small_mu-r32,small_mu,32,linear,0.9607142857142857,15
breast-w,0,MY-small_mu,MY-small_mu-r64,small_mu,64,linear,0.9607142857142857,15
breast-w,0,KFDA,KFDA-1D,kfda,1,rbf,0.9678571428571429,15
breast-w,0,MY-large_mu,MY-large_mu-r1,large_mu,1,rbf,0.9607142857142857,15
breast-w,0,MY-large_mu,MY-large_mu-r2,large_mu,2,rbf,0.9607142857142857,15
breast-w,0,MY-large_mu,MY-large_mu-r3,large_mu,3,rbf,0.9535714285714286,15
breast-w,0,MY-large_mu,MY-large_mu-r4,large_mu,4,rbf,0.9571428571428572,15
breast-w,0,MY-large_mu,MY-large_mu-r5,large_mu,5,rbf,0.9464285714285714,15
breast-w,0,MY-large_mu,MY-large_mu-r6,large_mu,6,rbf,0.9535714285714286,15
breast-w,0,MY-large_mu,MY-large_mu-r32,large_mu,32,rbf,0.9392857142857143,15
breast-w,0,MY-large_mu,MY-large_mu-r64,large_mu,64,rbf,0.9464285714285714,15
breast-w,0,MY-small_mu,MY-small_mu-r1,small_mu,1,rbf,0.675,15
breast-w,0,MY-small_mu,MY-small_mu-r2,small_mu,2,rbf,0.7,15
breast-w,0,MY-small_mu,MY-small_mu-r3,small_mu,3,rbf,0.7392857142857143,15
breast-w,0,MY-small_mu,MY-small_mu-r4,small_mu,4,rbf,0.7571428571428571,15
breast-w,0,MY-small_mu,MY-small_mu-r5,small_mu,5,rbf,0.7678571428571429,15
breast-w,0,MY-small_mu,MY-small_mu-r6,small_mu,6,rbf,0.7857142857142857,15
breast-w,0,MY-small_mu,MY-small_mu-r32,small_mu,32,rbf,0.7964285714285714,15
breast-w,0,MY-small_mu,MY-small_mu-r64,small_mu,64,rbf,0.9142857142857143,15
breast-w,0,KFDA,KFDA-1D,kfda,1,laplacian,0.975,15
breast-w,0,MY-large_mu,MY-large_mu-r1,large_mu,1,laplacian,0.9678571428571429,15
breast-w,0,MY-large_mu,MY-large_mu-r2,large_mu,2,laplacian,0.9642857142857143,15
breast-w,0,MY-large_mu,MY-large_mu-r3,large_mu,3,laplacian,0.9607142857142857,15
breast-w,0,MY-large_mu,MY-large_mu-r4,large_mu,4,laplacian,0.9535714285714286,15
breast-w,0,MY-large_mu,MY-large_mu-r5,large_mu,5,laplacian,0.9535714285714286,15
breast-w,0,MY-large_mu,MY-large_mu-r6,large_mu,6,laplacian,0.9535714285714286,15
breast-w,0,MY-large_mu,MY-large_mu-r32,large_mu,32,laplacian,0.95,15
breast-w,0,MY-large_mu,MY-large_mu-r64,large_mu,64,laplacian,0.95,15
breast-w,0,MY-small_mu,MY-small_mu-r1,small_mu,1,laplacian,0.6178571428571429,15
breast-w,0,MY-small_mu,MY-small_mu-r2,small_mu,2,laplacian,0.675,15
breast-w,0,MY-small_mu,MY-small_mu-r3,small_mu,3,laplacian,0.6642857142857143,15
breast-w,0,MY-small_mu,MY-small_mu-r4,small_mu,4,laplacian,0.7142857142857143,15
breast-w,0,MY-small_mu,MY-small_mu-r5,small_mu,5,laplacian,0.7428571428571429,15
breast-w,0,MY-small_mu,MY-small_mu-r6,small_mu,6,laplacian,0.75,15
breast-w,0,MY-small_mu,MY-small_mu-r32,small_mu,32,laplacian,0.8892857142857142,15
breast-w,0,MY-small_mu,MY-small_mu-r64,small_mu,64,laplacian,0.9535714285714286,15
diabetes,0,KFDA,KFDA-1D,kfda,1,linear,0.7435064935064936,37
diabetes,0,MY-large_mu,MY-large_mu-r1,large_mu,1,linear,0.75,37
diabetes,0,MY-large_mu,MY-large_mu-r2,large_mu,2,linear,0.7467532467532467,37
diabetes,0,MY-large_mu,MY-large_mu-r3,large_mu,3,linear,0.7435064935064936,37
diabetes,0,MY-large_mu,MY-large_mu-r4,large_mu,4,linear,0.7402597402597403,37
diabetes,0,MY-large_mu,MY-large_mu-r5,large_mu,5,linear,0.7402597402597403,37
diabetes,0,MY-large_mu,MY-large_mu-r6,large_mu,6,linear,0.724025974025974,37
diabetes,0,MY-large_mu,MY-large_mu-r32,large_mu,32,linear,0.7142857142857143,37
diabetes,0,MY-large_mu,MY-large_mu-r64,large_mu,64,linear,0.762987012987013,37
diabetes,0,MY-small_mu,MY-small_mu-r1,small_mu,1,linear,0.6688311688311688,37
diabetes,0,MY-small_mu,MY-small_mu-r2,small_mu,2,linear,0.672077922077922,37
diabetes,0,MY-small_mu,MY-small_mu-r3,small_mu,3,linear,0.672077922077922,37
diabetes,0,MY-small_mu,MY-small_mu-r4,small_mu,4,linear,0.6688311688311688,37
diabetes,0,MY-small_mu,MY-small_mu-r5,small_mu,5,linear,0.672077922077922,37
diabetes,0,MY-small_mu,MY-small_mu-r6,small_mu,6,linear,0.6396103896103896,37
diabetes,0,MY-small_mu,MY-small_mu-r32,small_mu,32,linear,0.7435064935064936,37
diabetes,0,MY-small_mu,MY-small_mu-r64,small_mu,64,linear,0.7597402597402597,37
diabetes,0,KFDA,KFDA-1D,kfda,1,rbf,0.7175324675324676,37
diabetes,0,MY-large_mu,MY-large_mu-r1,large_mu,1,rbf,0.6655844155844156,37
diabetes,0,MY-large_mu,MY-large_mu-r2,large_mu,2,rbf,0.6590909090909091,37
diabetes,0,MY-large_mu,MY-large_mu-r3,large_mu,3,rbf,0.6558441558441559,37
diabetes,0,MY-large_mu,MY-large_mu-r4,large_mu,4,rbf,0.6396103896103896,37
diabetes,0,MY-large_mu,MY-large_mu-r5,large_mu,5,rbf,0.6525974025974026,37
diabetes,0,MY-large_mu,MY-large_mu-r6,large_mu,6,rbf,0.6623376623376623,37
diabetes,0,MY-large_mu,MY-large_mu-r32,large_mu,32,rbf,0.6525974025974026,37
diabetes,0,MY-large_mu,MY-large_mu-r64,large_mu,64,rbf,0.711038961038961,37
diabetes,0,MY-small_mu,MY-small_mu-r1,small_mu,1,rbf,0.6525974025974026,37
diabetes,0,MY-small_mu,MY-small_mu-r2,small_mu,2,rbf,0.5746753246753247,37
diabetes,0,MY-small_mu,MY-small_mu-r3,small_mu,3,rbf,0.6071428571428571,37
diabetes,0,MY-small_mu,MY-small_mu-r4,small_mu,4,rbf,0.6233766233766234,37
diabetes,0,MY-small_mu,MY-small_mu-r5,small_mu,5,rbf,0.6298701298701299,37
diabetes,0,MY-small_mu,MY-small_mu-r6,small_mu,6,rbf,0.6428571428571429,37
diabetes,0,MY-small_mu,MY-small_mu-r32,small_mu,32,rbf,0.6525974025974026,37
diabetes,0,MY-small_mu,MY-small_mu-r64,small_mu,64,rbf,0.6915584415584416,37
diabetes,0,KFDA,KFDA-1D,kfda,1,laplacian,0.724025974025974,37
diabetes,0,MY-large_mu,MY-large_mu-r1,large_mu,1,laplacian,0.7045454545454546,37
diabetes,0,MY-large_mu,MY-large_mu-r2,large_mu,2,laplacian,0.698051948051948,37
diabetes,0,MY-large_mu,MY-large_mu-r3,large_mu,3,laplacian,0.7012987012987013,37
diabetes,0,MY-large_mu,MY-large_mu-r4,large_mu,4,laplacian,0.698051948051948,37
diabetes,0,MY-large_mu,MY-large_mu-r5,large_mu,5,laplacian,0.6915584415584416,37
diabetes,0,MY-large_mu,MY-large_mu-r6,large_mu,6,laplacian,0.672077922077922,37
diabetes,0,MY-large_mu,MY-large_mu-r32,large_mu,32,laplacian,0.7077922077922078,37
diabetes,0,MY-large_mu,MY-large_mu-r64,large_mu,64,laplacian,0.7467532467532467,37
diabetes,0,MY-small_mu,MY-small_mu-r1,small_mu,1,laplacian,0.5487012987012987,37
diabetes,0,MY-small_mu,MY-small_mu-r2,small_mu,2,laplacian,0.5974025974025974,37
diabetes,0,MY-small_mu,MY-small_mu-r3,small_mu,3,laplacian,0.6461038961038961,37
diabetes,0,MY-small_mu,MY-small_mu-r4,small_mu,4,laplacian,0.6753246753246753,37
diabetes,0,MY-small_mu,MY-small_mu-r5,small_mu,5,laplacian,0.6590909090909091,37
diabetes,0,MY-small_mu,MY-small_mu-r6,small_mu,6,laplacian,0.6623376623376623,37
diabetes,0,MY-small_mu,MY-small_mu-r32,small_mu,32,laplacian,0.7012987012987013,37
diabetes,0,MY-small_mu,MY-small_mu-r64,small_mu,64,laplacian,0.7532467532467533,37
credit-g,0,KFDA,KFDA-1D,kfda,1,linear,0.725,31
credit-g,0,MY-large_mu,MY-large_mu-r1,large_mu,1,linear,0.7025,31
credit-g,0,MY-large_mu,MY-large_mu-r2,large_mu,2,linear,0.705,31
credit-g,0,MY-large_mu,MY-large_mu-r3,large_mu,3,linear,0.705,31
credit-g,0,MY-large_mu,MY-large_mu-r4,large_mu,4,linear,0.715,31
credit-g,0,MY-large_mu,MY-large_mu-r5,large_mu,5,linear,0.69,31
credit-g,0,MY-large_mu,MY-large_mu-r6,large_mu,6,linear,0.695,31
credit-g,0,MY-large_mu,MY-large_mu-r32,large_mu,32,linear,0.7,31
credit-g,0,MY-large_mu,MY-large_mu-r64,large_mu,64,linear,0.6775,31
credit-g,0,MY-small_mu,MY-small_mu-r1,small_mu,1,linear,0.695,31
credit-g,0,MY-small_mu,MY-small_mu-r2,small_mu,2,linear,0.7025,31
credit-g,0,MY-small_mu,MY-small_mu-r3,small_mu,3,linear,0.7075,31
credit-g,0,MY-small_mu,MY-small_mu-r4,small_mu,4,linear,0.6925,31
credit-g,0,MY-small_mu,MY-small_mu-r5,small_mu,5,linear,0.69,31
credit-g,0,MY-small_mu,MY-small_mu-r6,small_mu,6,linear,0.685,31
credit-g,0,MY-small_mu,MY-small_mu-r32,small_mu,32,linear,0.655,31
credit-g,0,MY-small_mu,MY-small_mu-r64,small_mu,64,linear,0.6775,31
credit-g,0,KFDA,KFDA-1D,kfda,1,rbf,0.7225,31
credit-g,0,MY-large_mu,MY-large_mu-r1,large_mu,1,rbf,0.6925,31
credit-g,0,MY-large_mu,MY-large_mu-r2,large_mu,2,rbf,0.7,31
credit-g,0,MY-large_mu,MY-large_mu-r3,large_mu,3,rbf,0.705,31
credit-g,0,MY-large_mu,MY-large_mu-r4,large_mu,4,rbf,0.7,31
credit-g,0,MY-large_mu,MY-large_mu-r5,large_mu,5,rbf,0.6975,31
credit-g,0,MY-large_mu,MY-large_mu-r6,large_mu,6,rbf,0.7075,31
credit-g,0,MY-large_mu,MY-large_mu-r32,large_mu,32,rbf,0.7,31
credit-g,0,MY-large_mu,MY-large_mu-r64,large_mu,64,rbf,0.7075,31
credit-g,0,MY-small_mu,MY-small_mu-r1,small_mu,1,rbf,0.695,31
credit-g,0,MY-small_mu,MY-small_mu-r2,small_mu,2,rbf,0.7075,31
credit-g,0,MY-small_mu,MY-small_mu-r3,small_mu,3,rbf,0.71,31
credit-g,0,MY-small_mu,MY-small_mu-r4,small_mu,4,rbf,0.7,31
credit-g,0,MY-small_mu,MY-small_mu-r5,small_mu,5,rbf,0.695,31
credit-g,0,MY-small_mu,MY-small_mu-r6,small_mu,6,rbf,0.71,31
credit-g,0,MY-small_mu,MY-small_mu-r32,small_mu,32,rbf,0.7025,31
credit-g,0,MY-small_mu,MY-small_mu-r64,small_mu,64,rbf,0.7075,31
credit-g,0,KFDA,KFDA-1D,kfda,1,laplacian,0.6975,31
credit-g,0,MY-large_mu,MY-large_mu-r1,large_mu,1,laplacian,0.73,31
credit-g,0,MY-large_mu,MY-large_mu-r2,large_mu,2,laplacian,0.725,31
credit-g,0,MY-large_mu,MY-large_mu-r3,large_mu,3,laplacian,0.725,31
credit-g,0,MY-large_mu,MY-large_mu-r4,large_mu,4,laplacian,0.7175,31
credit-g,0,MY-large_mu,MY-large_mu-r5,large_mu,5,laplacian,0.73,31
credit-g,0,MY-large_mu,MY-large_mu-r6,large_mu,6,laplacian,0.7075,31
credit-g,0,MY-large_mu,MY-large_mu-r32,large_mu,32,laplacian,0.72,31
credit-g,0,MY-large_mu,MY-large_mu-r64,large_mu,64,laplacian,0.7075,31
credit-g,0,MY-small_mu,MY-small_mu-r1,small_mu,1,laplacian,0.705,31
credit-g,0,MY-small_mu,MY-small_mu-r2,small_mu,2,laplacian,0.7025,31
credit-g,0,MY-small_mu,MY-small_mu-r3,small_mu,3,laplacian,0.695,31
credit-g,0,MY-small_mu,MY-small_mu-r4,small_mu,4,laplacian,0.7075,31
credit-g,0,MY-small_mu,MY-small_mu-r5,small_mu,5,laplacian,0.6875,31
credit-g,0,MY-small_mu,MY-small_mu-r6,small_mu,6,laplacian,0.7,31
credit-g,0,MY-small_mu,MY-small_mu-r32,small_mu,32,laplacian,0.7125,31
credit-g,0,MY-small_mu,MY-small_mu-r64,small_mu,64,laplacian,0.7,31
heart-statlog,0,KFDA,KFDA-1D,kfda,1,linear,0.8148148148148148,53
heart-statlog,0,MY-large_mu,MY-large_mu-r1,large_mu,1,linear,0.7777777777777778,53
heart-statlog,0,MY-large_mu,MY-large_mu-r2,large_mu,2,linear,0.7685185185185185,53
heart-statlog,0,MY-large_mu,MY-large_mu-r3,large_mu,3,linear,0.7592592592592593,53
heart-statlog,0,MY-large_mu,MY-large_mu-r4,large_mu,4,linear,0.7777777777777778,53
heart-statlog,0,MY-large_mu,MY-large_mu-r5,large_mu,5,linear,0.7685185185185185,53
heart-statlog,0,MY-large_mu,MY-large_mu-r6,large_mu,6,linear,0.7777777777777778,53
heart-statlog,0,MY-large_mu,MY-large_mu-r32,large_mu,32,linear,0.7870370370370371,53
heart-statlog,0,MY-large_mu,MY-large_mu-r64,large_mu,64,linear,0.7870370370370371,53
heart-statlog,0,MY-small_mu,MY-small_mu-r1,small_mu,1,linear,0.6759259259259259,53
heart-statlog,0,MY-small_mu,MY-small_mu-r2,small_mu,2,linear,0.6666666666666666,53
heart-statlog,0,MY-small_mu,MY-small_mu-r3,small_mu,3,linear,0.6759259259259259,53
heart-statlog,0,MY-small_mu,MY-small_mu-r4,small_mu,4,linear,0.6759259259259259,53
heart-statlog,0,MY-small_mu,MY-small_mu-r5,small_mu,5,linear,0.6759259259259259,53
heart-statlog,0,MY-small_mu,MY-small_mu-r6,small_mu,6,linear,0.6481481481481481,53
heart-statlog,0,MY-small_mu,MY-small_mu-r32,small_mu,32,linear,0.7222222222222222,53
heart-statlog,0,MY-small_mu,MY-small_mu-r64,small_mu,64,linear,0.7314814814814815,53
heart-statlog,0,KFDA,KFDA-1D,kfda,1,rbf,0.8333333333333334,53
heart-statlog,0,MY-large_mu,MY-large_mu-r1,large_mu,1,rbf,0.7592592592592593,53
heart-statlog,0,MY-large_mu,MY-large_mu-r2,large_mu,2,rbf,0.7129629629629629,53
heart-statlog,0,MY-large_mu,MY-large_mu-r3,large_mu,3,rbf,0.7222222222222222,53
heart-statlog,0,MY-large_mu,MY-large_mu-r4,large_mu,4,rbf,0.7222222222222222,53
heart-statlog,0,MY-large_mu,MY-large_mu-r5,large_mu,5,rbf,0.6481481481481481,53
heart-statlog,0,MY-large_mu,MY-large_mu-r6,large_mu,6,rbf,0.6481481481481481,53
heart-statlog,0,MY-large_mu,MY-large_mu-r32,large_mu,32,rbf,0.5648148148148148,53
heart-statlog,0,MY-large_mu,MY-large_mu-r64,large_mu,64,rbf,0.7777777777777778,53
heart-statlog,0,MY-small_mu,MY-small_mu-r1,small_mu,1,rbf,0.5185185185185185,53
heart-statlog,0,MY-small_mu,MY-small_mu-r2,small_mu,2,rbf,0.6574074074074074,53
heart-statlog,0,MY-small_mu,MY-small_mu-r3,small_mu,3,rbf,0.6481481481481481,53
heart-statlog,0,MY-small_mu,MY-small_mu-r4,small_mu,4,rbf,0.6203703703703703,53
heart-statlog,0,MY-small_mu,MY-small_mu-r5,small_mu,5,rbf,0.6018518518518519,53
heart-statlog,0,MY-small_mu,MY-small_mu-r6,small_mu,6,rbf,0.6203703703703703,53
heart-statlog,0,MY-small_mu,MY-small_mu-r32,small_mu,32,rbf,0.7129629629629629,53
heart-statlog,0,MY-small_mu,MY-small_mu-r64,small_mu,64,rbf,0.7129629629629629,53
heart-statlog,0,KFDA,KFDA-1D,kfda,1,laplacian,0.7962962962962963,53
heart-statlog,0,MY-large_mu,MY-large_mu-r1,large_mu,1,laplacian,0.6944444444444444,53
heart-statlog,0,MY-large_mu,MY-large_mu-r2,large_mu,2,laplacian,0.7962962962962963,53
heart-statlog,0,MY-large_mu,MY-large_mu-r3,large_mu,3,laplacian,0.7962962962962963,53
heart-statlog,0,MY-large_mu,MY-large_mu-r4,large_mu,4,laplacian,0.7777777777777778,53
heart-statlog,0,MY-large_mu,MY-large_mu-r5,large_mu,5,laplacian,0.7592592592592593,53
heart-statlog,0,MY-large_mu,MY-large_mu-r6,large_mu,6,laplacian,0.7870370370370371,53
heart-statlog,0,MY-large_mu,MY-large_mu-r32,large_mu,32,laplacian,0.8055555555555556,53
heart-statlog,0,MY-large_mu,MY-large_mu-r64,large_mu,64,laplacian,0.8148148148148148,53
heart-statlog,0,MY-small_mu,MY-small_mu-r1,small_mu,1,laplacian,0.5925925925925926,53
heart-statlog,0,MY-small_mu,MY-small_mu-r2,small_mu,2,laplacian,0.6388888888888888,53
heart-statlog,0,MY-small_mu,MY-small_mu-r3,small_mu,3,laplacian,0.6018518518518519,53
heart-statlog,0,MY-small_mu,MY-small_mu-r4,small_mu,4,laplacian,0.6666666666666666,53
heart-statlog,0,MY-small_mu,MY-small_mu-r5,small_mu,5,laplacian,0.6018518518518519,53
heart-statlog,0,MY-small_mu,MY-small_mu-r6,small_mu,6,laplacian,0.6481481481481481,53
heart-statlog,0,MY-small_mu,MY-small_mu-r32,small_mu,32,laplacian,0.5648148148148148,53
heart-statlog,0,MY-small_mu,MY-small_mu-r64,small_mu,64,laplacian,0.7685185185185185,53
segment,0,KFDA,KFDA-1D,kfda,1,linear,0.8571428571428571,36
segment,0,MY-large_mu,MY-large_mu-r1,large_mu,1,linear,0.8571428571428571,36
segment,0,MY-large_mu,MY-large_mu-r2,large_mu,2,linear,0.8571428571428571,36
segment,0,MY-large_mu,MY-large_mu-r3,large_mu,3,linear,0.8571428571428571,36
segment,0,MY-large_mu,MY-large_mu-r4,large_mu,4,linear,0.8571428571428571,36
segment,0,MY-large_mu,MY-large_mu-r5,large_mu,5,linear,0.8571428571428571,36
segment,0,MY-large_mu,MY-large_mu-r6,large_mu,6,linear,0.8571428571428571,36
segment,0,MY-large_mu,MY-large_mu-r32,large_mu,32,linear,0.9556277056277056,36
segment,0,MY-large_mu,MY-large_mu-r64,large_mu,64,linear,0.9642857142857143,36
segment,0,MY-small_mu,MY-small_mu-r1,small_mu,1,linear,0.8571428571428571,36
segment,0,MY-small_mu,MY-small_mu-r2,small_mu,2,linear,0.8571428571428571,36
segment,0,MY-small_mu,MY-small_mu-r3,small_mu,3,linear,0.8571428571428571,36
segment,0,MY-small_mu,MY-small_mu-r4,small_mu,4,linear,0.8571428571428571,36
segment,0,MY-small_mu,MY-small_mu-r5,small_mu,5,linear,0.8571428571428571,36
segment,0,MY-small_mu,MY-small_mu-r6,small_mu,6,linear,0.8571428571428571,36
segment,0,MY-small_mu,MY-small_mu-r32,small_mu,32,linear,0.9556277056277056,36
segment,0,MY-small_mu,MY-small_mu-r64,small_mu,64,linear,0.9642857142857143,36
segment,0,KFDA,KFDA-1D,kfda,1,rbf,0.9274891774891775,36
segment,0,MY-large_mu,MY-large_mu-r1,large_mu,1,rbf,0.9783549783549783,36
segment,0,MY-large_mu,MY-large_mu-r2,large_mu,2,rbf,0.9761904761904762,36
segment,0,MY-large_mu,MY-large_mu-r3,large_mu,3,rbf,0.946969696969697,36
segment,0,MY-large_mu,MY-large_mu-r4,large_mu,4,rbf,0.946969696969697,36
segment,0,MY-large_mu,MY-large_mu-r5,large_mu,5,rbf,0.9826839826839827,36
segment,0,MY-large_mu,MY-large_mu-r6,large_mu,6,rbf,0.9393939393939394,36
segment,0,MY-large_mu,MY-large_mu-r32,large_mu,32,rbf,0.9945887445887446,36
segment,0,MY-large_mu,MY-large_mu-r64,large_mu,64,rbf,0.9913419913419913,36
segment,0,MY-small_mu,MY-small_mu-r1,small_mu,1,rbf,0.8571428571428571,36
segment,0,MY-small_mu,MY-small_mu-r2,small_mu,2,rbf,0.8571428571428571,36
segment,0,MY-small_mu,MY-small_mu-r3,small_mu,3,rbf,0.8571428571428571,36
segment,0,MY-small_mu,MY-small_mu-r4,small_mu,4,rbf,0.9264069264069265,36
segment,0,MY-small_mu,MY-small_mu-r5,small_mu,5,rbf,0.948051948051948,36
segment,0,MY-small_mu,MY-small_mu-r6,small_mu,6,rbf,0.9588744588744589,36
segment,0,MY-small_mu,MY-small_mu-r32,small_mu,32,rbf,0.9945887445887446,36
segment,0,MY-small_mu,MY-small_mu-r64,small_mu,64,rbf,0.9913419913419913,36
segment,0,KFDA,KFDA-1D,kfda,1,laplacian,0.935064935064935,36
segment,0,MY-large_mu,MY-large_mu-r1,large_mu,1,laplacian,0.9945887445887446,36
segment,0,MY-large_mu,MY-large_mu-r2,large_mu,2,laplacian,0.9935064935064936,36
segment,0,MY-large_mu,MY-large_mu-r3,large_mu,3,laplacian,0.9913419913419913,36
segment,0,MY-large_mu,MY-large_mu-r4,large_mu,4,laplacian,0.9913419913419913,36
segment,0,MY-large_mu,MY-large_mu-r5,large_mu,5,laplacian,0.9935064935064936,36
segment,0,MY-large_mu,MY-large_mu-r6,large_mu,6,laplacian,0.9902597402597403,36
segment,0,MY-large_mu,MY-large_mu-r32,large_mu,32,laplacian,0.9902597402597403,36
segment,0,MY-large_mu,MY-large_mu-r64,large_mu,64,laplacian,1.0,36
segment,0,MY-small_mu,MY-small_mu-r1,small_mu,1,laplacian,0.8571428571428571,36
segment,0,MY-small_mu,MY-small_mu-r2,small_mu,2,laplacian,0.9025974025974026,36
segment,0,MY-small_mu,MY-small_mu-r3,small_mu,3,laplacian,0.9047619047619048,36
segment,0,MY-small_mu,MY-small_mu-r4,small_mu,4,laplacian,0.9372294372294372,36
segment,0,MY-small_mu,MY-small_mu-r5,small_mu,5,laplacian,0.9523809523809523,36
segment,0,MY-small_mu,MY-small_mu-r6,small_mu,6,laplacian,0.9632034632034632,36
segment,0,MY-small_mu,MY-small_mu-r32,small_mu,32,laplacian,0.9902597402597403,36
segment,0,MY-small_mu,MY-small_mu-r64,small_mu,64,laplacian,0.9913419913419913,36
ringnorm,0,KFDA,KFDA-1D,kfda,1,linear,0.754054054054054,1496
ringnorm,0,MY-large_mu,MY-large_mu-r1,large_mu,1,linear,0.7472972972972973,1496
ringnorm,0,MY-large_mu,MY-large_mu-r2,large_mu,2,linear,0.7905405405405406,1496
ringnorm,0,MY-large_mu,MY-large_mu-r3,large_mu,3,linear,0.8317567567567568,1496
ringnorm,0,MY-large_mu,MY-large_mu-r4,large_mu,4,linear,0.856081081081081,1496
ringnorm,0,MY-large_mu,MY-large_mu-r5,large_mu,5,linear,0.8726351351351351,1496
ringnorm,0,MY-large_mu,MY-large_mu-r6,large_mu,6,linear,0.8885135135135135,1496
ringnorm,0,MY-large_mu,MY-large_mu-r32,large_mu,32,linear,0.9506756756756757,1496
ringnorm,0,MY-large_mu,MY-large_mu-r64,large_mu,64,linear,0.9628378378378378,1496
ringnorm,0,MY-small_mu,MY-small_mu-r1,small_mu,1,linear,0.6530405405405405,1496
ringnorm,0,MY-small_mu,MY-small_mu-r2,small_mu,2,linear,0.7361486486486486,1496
ringnorm,0,MY-small_mu,MY-small_mu-r3,small_mu,3,linear,0.7672297297297297,1496
ringnorm,0,MY-small_mu,MY-small_mu-r4,small_mu,4,linear,0.8030405405405405,1496
ringnorm,0,MY-small_mu,MY-small_mu-r5,small_mu,5,linear,0.8256756756756757,1496
ringnorm,0,MY-small_mu,MY-small_mu-r6,small_mu,6,linear,0.8469594594594595,1496
ringnorm,0,MY-small_mu,MY-small_mu-r32,small_mu,32,linear,0.9445945945945946,1496
ringnorm,0,MY-small_mu,MY-small_mu-r64,small_mu,64,linear,0.9594594594594594,1496
ringnorm,0,KFDA,KFDA-1D,kfda,1,rbf,0.9807432432432432,1496
ringnorm,0,MY-large_mu,MY-large_mu-r1,large_mu,1,rbf,0.9706081081081082,1496
ringnorm,0,MY-large_mu,MY-large_mu-r2,large_mu,2,rbf,0.9706081081081082,1496
ringnorm,0,MY-large_mu,MY-large_mu-r3,large_mu,3,rbf,0.9702702702702702,1496
ringnorm,0,MY-large_mu,MY-large_mu-r4,large_mu,4,rbf,0.9702702702702702,1496
ringnorm,0,MY-large_mu,MY-large_mu-r5,large_mu,5,rbf,0.9702702702702702,1496
ringnorm,0,MY-large_mu,MY-large_mu-r6,large_mu,6,rbf,0.9706081081081082,1496
ringnorm,0,MY-large_mu,MY-large_mu-r32,large_mu,32,rbf,0.9689189189189189,1496
ringnorm,0,MY-large_mu,MY-large_mu-r64,large_mu,64,rbf,0.9695945945945946,1496
ringnorm,0,MY-small_mu,MY-small_mu-r1,small_mu,1,rbf,0.5989864864864864,1496
ringnorm,0,MY-small_mu,MY-small_mu-r2,small_mu,2,rbf,0.6506756756756756,1496
ringnorm,0,MY-small_mu,MY-small_mu-r3,small_mu,3,rbf,0.6682432432432432,1496
ringnorm,0,MY-small_mu,MY-small_mu-r4,small_mu,4,rbf,0.6875,1496
ringnorm,0,MY-small_mu,MY-small_mu-r5,small_mu,5,rbf,0.7094594594594594,1496
ringnorm,0,MY-small_mu,MY-small_mu-r6,small_mu,6,rbf,0.7182432432432433,1496
ringnorm,0,MY-small_mu,MY-small_mu-r32,small_mu,32,rbf,0.8729729729729729,1496
ringnorm,0,MY-small_mu,MY-small_mu-r64,small_mu,64,rbf,0.9472972972972973,1496
ringnorm,0,KFDA,KFDA-1D,kfda,1,laplacian,0.9682432432432433,1496
ringnorm,0,MY-large_mu,MY-large_mu-r1,large_mu,1,laplacian,0.9722972972972973,1496
ringnorm,0,MY-large_mu,MY-large_mu-r2,large_mu,2,laplacian,0.970945945945946,1496
ringnorm,0,MY-large_mu,MY-large_mu-r3,large_mu,3,laplacian,0.9712837837837838,1496
ringnorm,0,MY-large_mu,MY-large_mu-r4,large_mu,4,laplacian,0.9716216216216216,1496
ringnorm,0,MY-large_mu,MY-large_mu-r5,large_mu,5,laplacian,0.9712837837837838,1496
ringnorm,0,MY-large_mu,MY-large_mu-r6,large_mu,6,laplacian,0.9722972972972973,1496
ringnorm,0,MY-large_mu,MY-large_mu-r32,large_mu,32,laplacian,0.9716216216216216,1496
ringnorm,0,MY-large_mu,MY-large_mu-r64,large_mu,64,laplacian,0.975,1496
ringnorm,0,MY-small_mu,MY-small_mu-r1,small_mu,1,laplacian,0.6023648648648648,1496
ringnorm,0,MY-small_mu,MY-small_mu-r2,small_mu,2,laplacian,0.6503378378378378,1496
ringnorm,0,MY-small_mu,MY-small_mu-r3,small_mu,3,laplacian,0.6844594594594594,1496
ringnorm,0,MY-small_mu,MY-small_mu-r4,small_mu,4,laplacian,0.7074324324324325,1496
ringnorm,0,MY-small_mu,MY-small_mu-r5,small_mu,5,laplacian,0.7206081081081082,1496
ringnorm,0,MY-small_mu,MY-small_mu-r6,small_mu,6,laplacian,0.7445945945945946,1496
ringnorm,0,MY-small_mu,MY-small_mu-r32,small_mu,32,laplacian,0.9256756756756757,1496
ringnorm,0,MY-small_mu,MY-small_mu-r64,small_mu,64,laplacian,0.9472972972972973,1496
sonar,0,KFDA,KFDA-1D,kfda,1,linear,0.5476190476190477,40
sonar,0,MY-large_mu,MY-large_mu-r1,large_mu,1,linear,0.5119047619047619,40
sonar,0,MY-large_mu,MY-large_mu-r2,large_mu,2,linear,0.5714285714285714,40
sonar,0,MY-large_mu,MY-large_mu-r3,large_mu,3,linear,0.5833333333333334,40
sonar,0,MY-large_mu,MY-large_mu-r4,large_mu,4,linear,0.6190476190476191,40
sonar,0,MY-large_mu,MY-large_mu-r5,large_mu,5,linear,0.5714285714285714,40
sonar,0,MY-large_mu,MY-large_mu-r6,large_mu,6,linear,0.5833333333333334,40
sonar,0,MY-large_mu,MY-large_mu-r32,large_mu,32,linear,0.5357142857142857,40
sonar,0,MY-large_mu,MY-large_mu-r64,large_mu,64,linear,0.5714285714285714,40
sonar,0,MY-small_mu,MY-small_mu-r1,small_mu,1,linear,0.6428571428571429,40
sonar,0,MY-small_mu,MY-small_mu-r2,small_mu,2,linear,0.6309523809523809,40
sonar,0,MY-small_mu,MY-small_mu-r3,small_mu,3,linear,0.5952380952380952,40
sonar,0,MY-small_mu,MY-small_mu-r4,small_mu,4,linear,0.5952380952380952,40
sonar,0,MY-small_mu,MY-small_mu-r5,small_mu,5,linear,0.5714285714285714,40
sonar,0,MY-small_mu,MY-small_mu-r6,small_mu,6,linear,0.5833333333333334,40
sonar,0,MY-small_mu,MY-small_mu-r32,small_mu,32,linear,0.5357142857142857,40
sonar,0,MY-small_mu,MY-small_mu-r64,small_mu,64,linear,0.5714285714285714,40
sonar,0,KFDA,KFDA-1D,kfda,1,rbf,0.6071428571428571,40
sonar,0,MY-large_mu,MY-large_mu-r1,large_mu,1,rbf,0.7976190476190477,40
sonar,0,MY-large_mu,MY-large_mu-r2,large_mu,2,rbf,0.8095238095238095,40
sonar,0,MY-large_mu,MY-large_mu-r3,large_mu,3,rbf,0.7738095238095238,40
sonar,0,MY-large_mu,MY-large_mu-r4,large_mu,4,rbf,0.7380952380952381,40
sonar,0,MY-large_mu,MY-large_mu-r5,large_mu,5,rbf,0.8095238095238095,40
sonar,0,MY-large_mu,MY-large_mu-r6,large_mu,6,rbf,0.8095238095238095,40
sonar,0,MY-large_mu,MY-large_mu-r32,large_mu,32,rbf,0.8452380952380952,40
sonar,0,MY-large_mu,MY-large_mu-r64,large_mu,64,rbf,0.7142857142857143,40
sonar,0,MY-small_mu,MY-small_mu-r1,small_mu,1,rbf,0.6547619047619048,40
sonar,0,MY-small_mu,MY-small_mu-r2,small_mu,2,rbf,0.6190476190476191,40
sonar,0,MY-small_mu,MY-small_mu-r3,small_mu,3,rbf,0.6428571428571429,40
sonar,0,MY-small_mu,MY-small_mu-r4,small_mu,4,rbf,0.6904761904761905,40
sonar,0,MY-small_mu,MY-small_mu-r5,small_mu,5,rbf,0.6666666666666666,40
sonar,0,MY-small_mu,MY-small_mu-r6,small_mu,6,rbf,0.7142857142857143,40
sonar,0,MY-small_mu,MY-small_mu-r32,small_mu,32,rbf,0.7142857142857143,40
sonar,0,MY-small_mu,MY-small_mu-r64,small_mu,64,rbf,0.6309523809523809,40
sonar,0,KFDA,KFDA-1D,kfda,1,laplacian,0.6547619047619048,40
sonar,0,MY-large_mu,MY-large_mu-r1,large_mu,1,laplacian,0.7976190476190477,40
sonar,0,MY-large_mu,MY-large_mu-r2,large_mu,2,laplacian,0.7857142857142857,40
sonar,0,MY-large_mu,MY-large_mu-r3,large_mu,3,laplacian,0.7976190476190477,40
sonar,0,MY-large_mu,MY-large_mu-r4,large_mu,4,laplacian,0.8095238095238095,40
sonar,0,MY-large_mu,MY-large_mu-r5,large_mu,5,laplacian,0.8690476190476191,40
sonar,0,MY-large_mu,MY-large_mu-r6,large_mu,6,laplacian,0.8214285714285714,40
sonar,0,MY-large_mu,MY-large_mu-r32,large_mu,32,laplacian,0.9047619047619048,40
sonar,0,MY-large_mu,MY-large_mu-r64,large_mu,64,laplacian,0.6904761904761905,40
sonar,0,MY-small_mu,MY-small_mu-r1,small_mu,1,laplacian,0.6547619047619048,40
sonar,0,MY-small_mu,MY-small_mu-r2,small_mu,2,laplacian,0.6904761904761905,40
sonar,0,MY-small_mu,MY-small_mu-r3,small_mu,3,laplacian,0.6309523809523809,40
sonar,0,MY-small_mu,MY-small_mu-r4,small_mu,4,laplacian,0.6547619047619048,40
sonar,0,MY-small_mu,MY-small_mu-r5,small_mu,5,laplacian,0.75,40
sonar,0,MY-small_mu,MY-small_mu-r6,small_mu,6,laplacian,0.7380952380952381,40
sonar,0,MY-small_mu,MY-small_mu-r32,small_mu,32,laplacian,0.5119047619047619,40
sonar,0,MY-small_mu,MY-small_mu-r64,small_mu,64,laplacian,0.5952380952380952,40
splice,0,KFDA,KFDA-1D,kfda,1,linear,0.9177115987460815,46
splice,0,MY-large_mu,MY-large_mu-r1,large_mu,1,linear,0.9318181818181818,46
splice,0,MY-large_mu,MY-large_mu-r2,large_mu,2,linear,0.9255485893416928,46
splice,0,MY-large_mu,MY-large_mu-r3,large_mu,3,linear,0.927115987460815,46
splice,0,MY-large_mu,MY-large_mu-r4,large_mu,4,linear,0.9263322884012539,46
splice,0,MY-large_mu,MY-large_mu-r5,large_mu,5,linear,0.9247648902821317,46
splice,0,MY-large_mu,MY-large_mu-r6,large_mu,6,linear,0.9263322884012539,46
splice,0,MY-large_mu,MY-large_mu-r32,large_mu,32,linear,0.9435736677115988,46
splice,0,MY-large_mu,MY-large_mu-r64,large_mu,64,linear,0.9521943573667712,46
splice,0,MY-small_mu,MY-small_mu-r1,small_mu,1,linear,0.7594043887147336,46
splice,0,MY-small_mu,MY-small_mu-r2,small_mu,2,linear,0.7594043887147336,46
splice,0,MY-small_mu,MY-small_mu-r3,small_mu,3,linear,0.7594043887147336,46
splice,0,MY-small_mu,MY-small_mu-r4,small_mu,4,linear,0.762539184952978,46
splice,0,MY-small_mu,MY-small_mu-r5,small_mu,5,linear,0.7547021943573667,46
splice,0,MY-small_mu,MY-small_mu-r6,small_mu,6,linear,0.7695924764890282,46
splice,0,MY-small_mu,MY-small_mu-r32,small_mu,32,linear,0.7970219435736677,46
splice,0,MY-small_mu,MY-small_mu-r64,small_mu,64,linear,0.8753918495297806,46
splice,0,KFDA,KFDA-1D,kfda,1,rbf,0.9310344827586207,46
splice,0,MY-large_mu,MY-large_mu-r1,large_mu,1,rbf,0.9420062695924765,46
splice,0,MY-large_mu,MY-large_mu-r2,large_mu,2,rbf,0.9420062695924765,46
splice,0,MY-large_mu,MY-large_mu-r3,large_mu,3,rbf,0.9388714733542319,46
splice,0,MY-large_mu,MY-large_mu-r4,large_mu,4,rbf,0.9396551724137931,46
splice,0,MY-large_mu,MY-large_mu-r5,large_mu,5,rbf,0.9404388714733543,46
splice,0,MY-large_mu,MY-large_mu-r6,large_mu,6,rbf,0.9404388714733543,46
splice,0,MY-large_mu,MY-large_mu-r32,large_mu,32,rbf,0.9490595611285266,46
splice,0,MY-large_mu,MY-large_mu-r64,large_mu,64,rbf,0.957680250783699,46
splice,0,MY-small_mu,MY-small_mu-r1,small_mu,1,rbf,0.7594043887147336,46
splice,0,MY-small_mu,MY-small_mu-r2,small_mu,2,rbf,0.7594043887147336,46
splice,0,MY-small_mu,MY-small_mu-r3,small_mu,3,rbf,0.7594043887147336,46
splice,0,MY-small_mu,MY-small_mu-r4,small_mu,4,rbf,0.7594043887147336,46
splice,0,MY-small_mu,MY-small_mu-r5,small_mu,5,rbf,0.7382445141065831,46
splice,0,MY-small_mu,MY-small_mu-r6,small_mu,6,rbf,0.7507836990595611,46
splice,0,MY-small_mu,MY-small_mu-r32,small_mu,32,rbf,0.817398119122257,46
splice,0,MY-small_mu,MY-small_mu-r64,small_mu,64,rbf,0.8644200626959248,46
splice,0,KFDA,KFDA-1D,kfda,1,laplacian,0.9310344827586207,46
splice,0,MY-large_mu,MY-large_mu-r1,large_mu,1,laplacian,0.9412225705329154,46
splice,0,MY-large_mu,MY-large_mu-r2,large_mu,2,laplacian,0.9404388714733543,46
splice,0,MY-large_mu,MY-large_mu-r3,large_mu,3,laplacian,0.9404388714733543,46
splice,0,MY-large_mu,MY-large_mu-r4,large_mu,4,laplacian,0.9388714733542319,46
splice,0,MY-large_mu,MY-large_mu-r5,large_mu,5,laplacian,0.9412225705329154,46
splice,0,MY-large_mu,MY-large_mu-r6,large_mu,6,laplacian,0.9427899686520376,46
splice,0,MY-large_mu,MY-large_mu-r32,large_mu,32,laplacian,0.945141065830721,46
splice,0,MY-large_mu,MY-large_mu-r64,large_mu,64,laplacian,0.9545454545454546,46
splice,0,MY-small_mu,MY-small_mu-r1,small_mu,1,laplacian,0.7594043887147336,46
splice,0,MY-small_mu,MY-small_mu-r2,small_mu,2,laplacian,0.7594043887147336,46
splice,0,MY-small_mu,MY-small_mu-r3,small_mu,3,laplacian,0.7586206896551724,46
splice,0,MY-small_mu,MY-small_mu-r4,small_mu,4,laplacian,0.768025078369906,46
splice,0,MY-small_mu,MY-small_mu-r5,small_mu,5,laplacian,0.7782131661442007,46
splice,0,MY-small_mu,MY-small_mu-r6,small_mu,6,laplacian,0.7727272727272727,46
splice,0,MY-small_mu,MY-small_mu-r32,small_mu,32,laplacian,0.8095611285266457,46
splice,0,MY-small_mu,MY-small_mu-r64,small_mu,64,laplacian,0.8550156739811913,46
Titanic,0,KFDA,KFDA-1D,kfda,1,linear,0.9122137404580153,40945
Titanic,0,MY-large_mu,MY-large_mu-r1,large_mu,1,linear,0.9026717557251909,40945
Titanic,0,MY-large_mu,MY-large_mu-r2,large_mu,2,linear,0.9026717557251909,40945
Titanic,0,MY-large_mu,MY-large_mu-r3,large_mu,3,linear,0.9083969465648855,40945
Titanic,0,MY-large_mu,MY-large_mu-r4,large_mu,4,linear,0.9103053435114504,40945
Titanic,0,MY-large_mu,MY-large_mu-r5,large_mu,5,linear,0.9122137404580153,40945
Titanic,0,MY-large_mu,MY-large_mu-r6,large_mu,6,linear,0.9103053435114504,40945
Titanic,0,MY-large_mu,MY-large_mu-r32,large_mu,32,linear,0.9141221374045801,40945
Titanic,0,MY-large_mu,MY-large_mu-r64,large_mu,64,linear,0.9179389312977099,40945
Titanic,0,MY-small_mu,MY-small_mu-r1,small_mu,1,linear,0.6183206106870229,40945
Titanic,0,MY-small_mu,MY-small_mu-r2,small_mu,2,linear,0.6889312977099237,40945
Titanic,0,MY-small_mu,MY-small_mu-r3,small_mu,3,linear,0.7404580152671756,40945
Titanic,0,MY-small_mu,MY-small_mu-r4,small_mu,4,linear,0.7709923664122137,40945
Titanic,0,MY-small_mu,MY-small_mu-r5,small_mu,5,linear,0.7824427480916031,40945
Titanic,0,MY-small_mu,MY-small_mu-r6,small_mu,6,linear,0.7843511450381679,40945
Titanic,0,MY-small_mu,MY-small_mu-r32,small_mu,32,linear,0.8549618320610687,40945
Titanic,0,MY-small_mu,MY-small_mu-r64,small_mu,64,linear,0.8625954198473282,40945
Titanic,0,KFDA,KFDA-1D,kfda,1,rbf,0.3549618320610687,40945
Titanic,0,MY-large_mu,MY-large_mu-r1,large_mu,1,rbf,0.6526717557251909,40945
Titanic,0,MY-large_mu,MY-large_mu-r2,large_mu,2,rbf,0.7251908396946565,40945
Titanic,0,MY-large_mu,MY-large_mu-r3,large_mu,3,rbf,0.7118320610687023,40945
Titanic,0,MY-large_mu,MY-large_mu-r4,large_mu,4,rbf,0.7099236641221374,40945
Titanic,0,MY-large_mu,MY-large_mu-r5,large_mu,5,rbf,0.7118320610687023,40945
Titanic,0,MY-large_mu,MY-large_mu-r6,large_mu,6,rbf,0.7118320610687023,40945
Titanic,0,MY-large_mu,MY-large_mu-r32,large_mu,32,rbf,0.6946564885496184,40945
Titanic,0,MY-large_mu,MY-large_mu-r64,large_mu,64,rbf,0.8835877862595419,40945
Titanic,0,MY-small_mu,MY-small_mu-r1,small_mu,1,rbf,0.6183206106870229,40945
Titanic,0,MY-small_mu,MY-small_mu-r2,small_mu,2,rbf,0.6183206106870229,40945
Titanic,0,MY-small_mu,MY-small_mu-r3,small_mu,3,rbf,0.6183206106870229,40945
Titanic,0,MY-small_mu,MY-small_mu-r4,small_mu,4,rbf,0.6183206106870229,40945
Titanic,0,MY-small_mu,MY-small_mu-r5,small_mu,5,rbf,0.6240458015267175,40945
Titanic,0,MY-small_mu,MY-small_mu-r6,small_mu,6,rbf,0.6240458015267175,40945
Titanic,0,MY-small_mu,MY-small_mu-r32,small_mu,32,rbf,0.6526717557251909,40945
Titanic,0,MY-small_mu,MY-small_mu-r64,small_mu,64,rbf,0.6469465648854962,40945
Titanic,0,KFDA,KFDA-1D,kfda,1,laplacian,0.9026717557251909,40945
Titanic,0,MY-large_mu,MY-large_mu-r1,large_mu,1,laplacian,0.9446564885496184,40945
Titanic,0,MY-large_mu,MY-large_mu-r2,large_mu,2,laplacian,0.9484732824427481,40945
Titanic,0,MY-large_mu,MY-large_mu-r3,large_mu,3,laplacian,0.950381679389313,40945
Titanic,0,MY-large_mu,MY-large_mu-r4,large_mu,4,laplacian,0.9446564885496184,40945
Titanic,0,MY-large_mu,MY-large_mu-r5,large_mu,5,laplacian,0.9484732824427481,40945
Titanic,0,MY-large_mu,MY-large_mu-r6,large_mu,6,laplacian,0.950381679389313,40945
Titanic,0,MY-large_mu,MY-large_mu-r32,large_mu,32,laplacian,0.9446564885496184,40945
Titanic,0,MY-large_mu,MY-large_mu-r64,large_mu,64,laplacian,0.950381679389313,40945
Titanic,0,MY-small_mu,MY-small_mu-r1,small_mu,1,laplacian,0.6183206106870229,40945
Titanic,0,MY-small_mu,MY-small_mu-r2,small_mu,2,laplacian,0.6603053435114504,40945
Titanic,0,MY-small_mu,MY-small_mu-r3,small_mu,3,laplacian,0.6965648854961832,40945
Titanic,0,MY-small_mu,MY-small_mu-r4,small_mu,4,laplacian,0.6984732824427481,40945
Titanic,0,MY-small_mu,MY-small_mu-r5,small_mu,5,laplacian,0.7519083969465649,40945
Titanic,0,MY-small_mu,MY-small_mu-r6,small_mu,6,laplacian,0.7404580152671756,40945
Titanic,0,MY-small_mu,MY-small_mu-r32,small_mu,32,laplacian,0.898854961832061,40945
Titanic,0,MY-small_mu,MY-small_mu-r64,small_mu,64,laplacian,0.8931297709923665,40945
waveform-5000,0,KFDA,KFDA-1D,kfda,1,linear,0.834,60
waveform-5000,0,MY-large_mu,MY-large_mu-r1,large_mu,1,linear,0.843,60
waveform-5000,0,MY-large_mu,MY-large_mu-r2,large_mu,2,linear,0.8375,60
waveform-5000,0,MY-large_mu,MY-large_mu-r3,large_mu,3,linear,0.8405,60
waveform-5000,0,MY-large_mu,MY-large_mu-r4,large_mu,4,linear,0.8345,60
waveform-5000,0,MY-large_mu,MY-large_mu-r5,large_mu,5,linear,0.837,60
waveform-5000,0,MY-large_mu,MY-large_mu-r6,large_mu,6,linear,0.8395,60
waveform-5000,0,MY-large_mu,MY-large_mu-r32,large_mu,32,linear,0.849,60
waveform-5000,0,MY-large_mu,MY-large_mu-r64,large_mu,64,linear,0.8495,60
waveform-5000,0,MY-small_mu,MY-small_mu-r1,small_mu,1,linear,0.6615,60
waveform-5000,0,MY-small_mu,MY-small_mu-r2,small_mu,2,linear,0.6615,60
waveform-5000,0,MY-small_mu,MY-small_mu-r3,small_mu,3,linear,0.6615,60
waveform-5000,0,MY-small_mu,MY-small_mu-r4,small_mu,4,linear,0.6615,60
waveform-5000,0,MY-small_mu,MY-small_mu-r5,small_mu,5,linear,0.6615,60
waveform-5000,0,MY-small_mu,MY-small_mu-r6,small_mu,6,linear,0.6615,60
waveform-5000,0,MY-small_mu,MY-small_mu-r32,small_mu,32,linear,0.7295,60
waveform-5000,0,MY-small_mu,MY-small_mu-r64,small_mu,64,linear,0.795,60
waveform-5000,0,KFDA,KFDA-1D,kfda,1,rbf,0.822,60
waveform-5000,0,MY-large_mu,MY-large_mu-r1,large_mu,1,rbf,0.843,60
waveform-5000,0,MY-large_mu,MY-large_mu-r2,large_mu,2,rbf,0.8405,60
waveform-5000,0,MY-large_mu,MY-large_mu-r3,large_mu,3,rbf,0.8355,60
waveform-5000,0,MY-large_mu,MY-large_mu-r4,large_mu,4,rbf,0.8405,60
waveform-5000,0,MY-large_mu,MY-large_mu-r5,large_mu,5,rbf,0.8435,60
waveform-5000,0,MY-large_mu,MY-large_mu-r6,large_mu,6,rbf,0.841,60
waveform-5000,0,MY-large_mu,MY-large_mu-r32,large_mu,32,rbf,0.85,60
waveform-5000,0,MY-large_mu,MY-large_mu-r64,large_mu,64,rbf,0.872,60
waveform-5000,0,MY-small_mu,MY-small_mu-r1,small_mu,1,rbf,0.6615,60
waveform-5000,0,MY-small_mu,MY-small_mu-r2,small_mu,2,rbf,0.6615,60
waveform-5000,0,MY-small_mu,MY-small_mu-r3,small_mu,3,rbf,0.6665,60
waveform-5000,0,MY-small_mu,MY-small_mu-r4,small_mu,4,rbf,0.6705,60
waveform-5000,0,MY-small_mu,MY-small_mu-r5,small_mu,5,rbf,0.674,60
waveform-5000,0,MY-small_mu,MY-small_mu-r6,small_mu,6,rbf,0.6835,60
waveform-5000,0,MY-small_mu,MY-small_mu-r32,small_mu,32,rbf,0.794,60
waveform-5000,0,MY-small_mu,MY-small_mu-r64,small_mu,64,rbf,0.8445,60
waveform-5000,0,KFDA,KFDA-1D,kfda,1,laplacian,0.8305,60
waveform-5000,0,MY-large_mu,MY-large_mu-r1,large_mu,1,laplacian,0.853,60
waveform-5000,0,MY-large_mu,MY-large_mu-r2,large_mu,2,laplacian,0.863,60
waveform-5000,0,MY-large_mu,MY-large_mu-r3,large_mu,3,laplacian,0.8615,60
waveform-5000,0,MY-large_mu,MY-large_mu-r4,large_mu,4,laplacian,0.856,60
waveform-5000,0,MY-large_mu,MY-large_mu-r5,large_mu,5,laplacian,0.857,60
waveform-5000,0,MY-large_mu,MY-large_mu-r6,large_mu,6,laplacian,0.8505,60
waveform-5000,0,MY-large_mu,MY-large_mu-r32,large_mu,32,laplacian,0.8595,60
waveform-5000,0,MY-large_mu,MY-large_mu-r64,large_mu,64,laplacian,0.89,60
waveform-5000,0,MY-small_mu,MY-small_mu-r1,small_mu,1,laplacian,0.6615,60
waveform-5000,0,MY-small_mu,MY-small_mu-r2,small_mu,2,laplacian,0.6595,60
waveform-5000,0,MY-small_mu,MY-small_mu-r3,small_mu,3,laplacian,0.653,60
waveform-5000,0,MY-small_mu,MY-small_mu-r4,small_mu,4,laplacian,0.6585,60
waveform-5000,0,MY-small_mu,MY-small_mu-r5,small_mu,5,laplacian,0.663,60
waveform-5000,0,MY-small_mu,MY-small_mu-r6,small_mu,6,laplacian,0.6885,60
waveform-5000,0,MY-small_mu,MY-small_mu-r32,small_mu,32,laplacian,0.751,60
waveform-5000,0,MY-small_mu,MY-small_mu-r64,small_mu,64,laplacian,0.8205,60
hypothyroid,0,KFDA,KFDA-1D,kfda,1,linear,0.94831013916501,57
hypothyroid,0,MY-large_mu,MY-large_mu-r1,large_mu,1,linear,0.94831013916501,57
hypothyroid,0,MY-large_mu,MY-large_mu-r2,large_mu,2,linear,0.94831013916501,57
hypothyroid,0,MY-large_mu,MY-large_mu-r3,large_mu,3,linear,0.94831013916501,57
hypothyroid,0,MY-large_mu,MY-large_mu-r4,large_mu,4,linear,0.94831013916501,57
hypothyroid,0,MY-large_mu,MY-large_mu-r5,large_mu,5,linear,0.94831013916501,57
hypothyroid,0,MY-large_mu,MY-large_mu-r6,large_mu,6,linear,0.94831013916501,57
hypothyroid,0,MY-large_mu,MY-large_mu-r32,large_mu,32,linear,0.94831013916501,57
hypothyroid,0,MY-large_mu,MY-large_mu-r64,large_mu,64,linear,0.94831013916501,57
hypothyroid,0,MY-small_mu,MY-small_mu-r1,small_mu,1,linear,0.94831013916501,57
hypothyroid,0,MY-small_mu,MY-small_mu-r2,small_mu,2,linear,0.94831013916501,57
hypothyroid,0,MY-small_mu,MY-small_mu-r3,small_mu,3,linear,0.94831013916501,57
hypothyroid,0,MY-small_mu,MY-small_mu-r4,small_mu,4,linear,0.94831013916501,57
hypothyroid,0,MY-small_mu,MY-small_mu-r5,small_mu,5,linear,0.94831013916501,57
hypothyroid,0,MY-small_mu,MY-small_mu-r6,small_mu,6,linear,0.94831013916501,57
hypothyroid,0,MY-small_mu,MY-small_mu-r32,small_mu,32,linear,0.94831013916501,57
hypothyroid,0,MY-small_mu,MY-small_mu-r64,small_mu,64,linear,0.94831013916501,57
hypothyroid,0,KFDA,KFDA-1D,kfda,1,rbf,0.94831013916501,57
hypothyroid,0,MY-large_mu,MY-large_mu-r1,large_mu,1,rbf,0.94831013916501,57
hypothyroid,0,MY-large_mu,MY-large_mu-r2,large_mu,2,rbf,0.94831013916501,57
hypothyroid,0,MY-large_mu,MY-large_mu-r3,large_mu,3,rbf,0.94831013916501,57
hypothyroid,0,MY-large_mu,MY-large_mu-r4,large_mu,4,rbf,0.94831013916501,57
hypothyroid,0,MY-large_mu,MY-large_mu-r5,large_mu,5,rbf,0.94831013916501,57
hypothyroid,0,MY-large_mu,MY-large_mu-r6,large_mu,6,rbf,0.94831013916501,57
hypothyroid,0,MY-large_mu,MY-large_mu-r32,large_mu,32,rbf,0.9469847581179589,57
hypothyroid,0,MY-large_mu,MY-large_mu-r64,large_mu,64,rbf,0.953611663353214,57
hypothyroid,0,MY-small_mu,MY-small_mu-r1,small_mu,1,rbf,0.94831013916501,57
hypothyroid,0,MY-small_mu,MY-small_mu-r2,small_mu,2,rbf,0.94831013916501,57
hypothyroid,0,MY-small_mu,MY-small_mu-r3,small_mu,3,rbf,0.94831013916501,57
hypothyroid,0,MY-small_mu,MY-small_mu-r4,small_mu,4,rbf,0.94831013916501,57
hypothyroid,0,MY-small_mu,MY-small_mu-r5,small_mu,5,rbf,0.94831013916501,57
hypothyroid,0,MY-small_mu,MY-small_mu-r6,small_mu,6,rbf,0.94831013916501,57
hypothyroid,0,MY-small_mu,MY-small_mu-r32,small_mu,32,rbf,0.9476474486414844,57
hypothyroid,0,MY-small_mu,MY-small_mu-r64,small_mu,64,rbf,0.9516235917826376,57
hypothyroid,0,KFDA,KFDA-1D,kfda,1,laplacian,0.9443339960238568,57
hypothyroid,0,MY-large_mu,MY-large_mu-r1,large_mu,1,laplacian,0.979456593770709,57
hypothyroid,0,MY-large_mu,MY-large_mu-r2,large_mu,2,laplacian,0.9662027833001988,57
hypothyroid,0,MY-large_mu,MY-large_mu-r3,large_mu,3,laplacian,0.9648774022531478,57
hypothyroid,0,MY-large_mu,MY-large_mu-r4,large_mu,4,laplacian,0.9655400927766733,57
hypothyroid,0,MY-large_mu,MY-large_mu-r5,large_mu,5,laplacian,0.9542743538767395,57
hypothyroid,0,MY-large_mu,MY-large_mu-r6,large_mu,6,laplacian,0.9502982107355865,57
hypothyroid,0,MY-large_mu,MY-large_mu-r32,large_mu,32,laplacian,0.9642147117296223,57
hypothyroid,0,MY-large_mu,MY-large_mu-r64,large_mu,64,laplacian,0.9768058316766071,57
hypothyroid,0,MY-small_mu,MY-small_mu-r1,small_mu,1,laplacian,0.94831013916501,57
hypothyroid,0,MY-small_mu,MY-small_mu-r2,small_mu,2,laplacian,0.94831013916501,57
hypothyroid,0,MY-small_mu,MY-small_mu-r3,small_mu,3,laplacian,0.92909211398277,57
hypothyroid,0,MY-small_mu,MY-small_mu-r4,small_mu,4,laplacian,0.9350563286944996,57
hypothyroid,0,MY-small_mu,MY-small_mu-r5,small_mu,5,laplacian,0.9430086149768059,57
hypothyroid,0,MY-small_mu,MY-small_mu-r6,small_mu,6,laplacian,0.9469847581179589,57
hypothyroid,0,MY-small_mu,MY-small_mu-r32,small_mu,32,laplacian,0.9542743538767395,57
hypothyroid,0,MY-small_mu,MY-small_mu-r64,small_mu,64,laplacian,0.9622266401590457,57
