regime,rep,kernel,true_mean_gap_input,emp_mean_gap_input,true_cov_gap_input,emp_cov_gap_input,cov_gap_error_input,cov0_error_input,cov1_error_input,ref_D_mu_feature,emp_D_mu_feature,ref_D_sigma_feature,emp_D_sigma_feature,cov_gap_error_feature,cov0_error_feature,cov1_error_feature
same_mean_diff_covariance,0,linear,0.0,1.6874944905641508e-16,5.894205463541342,6.873127661872182,3.3741557222051894,2.2555785921156626,2.343502485373182,0.0,1.4768310151106034e-09,6.147516004724156,6.846692555480365,3.50302000845255,2.465043190762872,2.3465526676816837
same_mean_diff_covariance,0,rbf,0.0,1.6874944905641508e-16,5.894205463541342,6.873127661872182,3.3741557222051894,2.2555785921156626,2.343502485373182,0.10635617340042638,0.1274198222030597,0.07172478904970618,0.09959231901088528,0.07930831914915273,0.05616399171587258,0.05581960711862119
same_mean_diff_covariance,0,laplacian,0.0,1.6874944905641508e-16,5.894205463541342,6.873127661872182,3.3741557222051894,2.2555785921156626,2.343502485373182,0.07370904279797315,0.09441250214317005,0.045790460657677334,0.06908287945007276,0.06032743644051128,0.042502755480315006,0.04228685983212805
same_mean_diff_covariance,0,polynomial,0.0,1.6874944905641508e-16,5.894205463541342,6.873127661872182,3.3741557222051894,2.2555785921156626,2.343502485373182,0.24167032310947723,0.26915625772144086,0.5151161223478095,0.5872581863085592,0.3449695824799555,0.2320783119225118,0.2446495456323492
same_mean_diff_covariance,0,sigmoid,0.0,1.6874944905641508e-16,5.894205463541342,6.873127661872182,3.3741557222051894,2.2555785921156626,2.343502485373182,1.8496755188046572e-10,0.0,0.1977144592906377,0.21568153903215115,0.08524224425650218,0.06465065816994826,0.05036741767866402
same_mean_diff_covariance,1,linear,0.0,1.1419270774183226e-16,5.894205463541342,6.674449895592127,3.076962114875045,2.3983581889517964,2.161634324486113,0.0,3.3142090519577173e-09,6.147516004724156,6.648778934455232,3.513998286721106,2.7527685559657726,2.551888775548262
same_mean_diff_covariance,1,rbf,0.0,1.1419270774183226e-16,5.894205463541342,6.674449895592127,3.076962114875045,2.3983581889517964,2.161634324486113,0.10635617340042638,0.13154814023999228,0.07172478904970618,0.1018583104126058,0.07948801925222708,0.05866441134106874,0.054895326559720535
same_mean_diff_covariance,1,laplacian,0.0,1.1419270774183226e-16,5.894205463541342,6.674449895592127,3.076962114875045,2.3983581889517964,2.161634324486113,0.07370904279797315,0.0919632697174241,0.045790460657677334,0.06954901176265749,0.060620518949844146,0.044158243131793444,0.041927818004803524
same_mean_diff_covariance,1,polynomial,0.0,1.1419270774183226e-16,5.894205463541342,6.674449895592127,3.076962114875045,2.3983581889517964,2.161634324486113,0.24167032310947723,0.26137590404620686,0.5151161223478095,0.569591292440504,0.3417361721962255,0.2496843013839462,0.2555809366425704
same_mean_diff_covariance,1,sigmoid,0.0,1.1419270774183226e-16,5.894205463541342,6.674449895592127,3.076962114875045,2.3983581889517964,2.161634324486113,1.8496755188046572e-10,6.433273829131071e-10,0.1977144592906377,0.21218346178102898,0.08769797782843655,0.07807774852381698,0.06158716171630396
same_mean_diff_covariance,2,linear,0.0,1.3896593223550545e-16,5.894205463541342,7.108780899529834,3.2047501474777644,2.161068390087708,2.4144819875868038,0.0,0.0,6.147516004724156,7.081439434531642,3.5100001119396818,2.2955631157579326,2.745862925597616
same_mean_diff_covariance,2,rbf,0.0,1.3896593223550545e-16,5.894205463541342,7.108780899529834,3.2047501474777644,2.161068390087708,2.4144819875868038,0.10635617340042638,0.12927119169976728,0.07172478904970618,0.09968897079334108,0.08041397803242292,0.05594976196899479,0.057378211606552966
same_mean_diff_covariance,2,laplacian,0.0,1.3896593223550545e-16,5.894205463541342,7.108780899529834,3.2047501474777644,2.161068390087708,2.4144819875868038,0.07370904279797315,0.09657481443948655,0.045790460657677334,0.06852538970754103,0.06024448135787198,0.04246279589850138,0.04277265284293101
same_mean_diff_covariance,2,polynomial,0.0,1.3896593223550545e-16,5.894205463541342,7.108780899529834,3.2047501474777644,2.161068390087708,2.4144819875868038,0.24167032310947723,0.27838459548675437,0.5151161223478095,0.6043395344227463,0.33567921039436177,0.21131693551371988,0.2668956456696606
same_mean_diff_covariance,2,sigmoid,0.0,1.3896593223550545e-16,5.894205463541342,7.108780899529834,3.2047501474777644,2.161068390087708,2.4144819875868038,1.8496755188046572e-10,7.899935859951962e-10,0.1977144592906377,0.22135868572325787,0.08918528368923659,0.06240118208065115,0.06792487440779223
diff_mean_diff_covariance,0,linear,0.9000000000000001,0.8999999999999999,5.7275360341928305,6.450722814617773,3.6692799837505974,2.635921983588553,2.613159169608206,0.9000000000000002,0.9000000000000001,5.7868234718909,6.421401347278601,4.039328247635638,2.8563895736437073,2.8240030239054583
diff_mean_diff_covariance,0,rbf,0.9000000000000001,0.8999999999999999,5.7275360341928305,6.450722814617773,3.6692799837505974,2.635921983588553,2.613159169608206,0.14462385307279954,0.16073689921050155,0.07735775801211142,0.10583811127554066,0.0862265777085131,0.06241647453332127,0.06014331098174685
diff_mean_diff_covariance,0,laplacian,0.9000000000000001,0.8999999999999999,5.7275360341928305,6.450722814617773,3.6692799837505974,2.635921983588553,2.613159169608206,0.09995062622912529,0.11565037278624139,0.04788378478448926,0.07255546733212215,0.06471879338795401,0.046255207875125846,0.04549438534462461
diff_mean_diff_covariance,0,polynomial,0.9000000000000001,0.8999999999999999,5.7275360341928305,6.450722814617773,3.6692799837505974,2.635921983588553,2.613159169608206,0.333837214744701,0.3505010230938935,0.48750393389585345,0.5478813537354608,0.36433293039678605,0.2565438091049713,0.25636830027104496
diff_mean_diff_covariance,0,sigmoid,0.9000000000000001,0.8999999999999999,5.7275360341928305,6.450722814617773,3.6692799837505974,2.635921983588553,2.613159169608206,0.17082726011386876,0.1707027163667419,0.18539680955274318,0.20145479744247966,0.10713687390203146,0.07778219723152785,0.07286522431605211
diff_mean_diff_covariance,1,linear,0.9000000000000001,0.9,5.7275360341928305,6.813278800751566,3.578730668770292,2.4082581657395994,2.876139595459717,0.9000000000000002,0.9000000000000001,5.7868234718909,6.782309351657242,4.083310308300175,2.766344262080231,3.2050392223062385
diff_mean_diff_covariance,1,rbf,0.9000000000000001,0.9,5.7275360341928305,6.813278800751566,3.578730668770292,2.4082581657395994,2.876139595459717,0.14462385307279954,0.1577346966228449,0.07735775801211142,0.10374239151933287,0.0852397550173447,0.061525771012561695,0.059490190827544226
diff_mean_diff_covariance,1,laplacian,0.9000000000000001,0.9,5.7275360341928305,6.813278800751566,3.578730668770292,2.4082581657395994,2.876139595459717,0.09995062622912529,0.11449986203164005,0.04788378478448926,0.07250069247429135,0.06505217129439105,0.04574737705885518,0.04638527334755949
diff_mean_diff_covariance,1,polynomial,0.9000000000000001,0.9,5.7275360341928305,6.813278800751566,3.578730668770292,2.4082581657395994,2.876139595459717,0.333837214744701,0.360368592439466,0.48750393389585345,0.5849947272336719,0.37549861093477993,0.24515710113025949,0.29861756484930646
diff_mean_diff_covariance,1,sigmoid,0.9000000000000001,0.9,5.7275360341928305,6.813278800751566,3.578730668770292,2.4082581657395994,2.876139595459717,0.17082726011386876,0.17061439989774077,0.18539680955274318,0.2046468432969853,0.10450970629539504,0.07691623719306712,0.0791470065563322
diff_mean_diff_covariance,2,linear,0.9000000000000001,0.9,5.7275360341928305,7.263876253344584,3.7146157294849558,2.432968412871012,2.639791885229391,0.9000000000000002,0.9000000000000001,5.7868234718909,7.230858634011201,4.043871730337123,2.6468377231189817,2.7405110656509626
diff_mean_diff_covariance,2,rbf,0.9000000000000001,0.9,5.7275360341928305,7.263876253344584,3.7146157294849558,2.432968412871012,2.639791885229391,0.14462385307279954,0.15968897873908994,0.07735775801211142,0.10631143930020377,0.08368046671671203,0.0606951519011394,0.05686182381891889
diff_mean_diff_covariance,2,laplacian,0.9000000000000001,0.9,5.7275360341928305,7.263876253344584,3.7146157294849558,2.432968412871012,2.639791885229391,0.09995062622912529,0.11752701820587722,0.04788378478448926,0.07433686256406027,0.06448195630149328,0.045533930512568176,0.04497716842234433
diff_mean_diff_covariance,2,polynomial,0.9000000000000001,0.9,5.7275360341928305,7.263876253344584,3.7146157294849558,2.432968412871012,2.639791885229391,0.333837214744701,0.37298514237388725,0.48750393389585345,0.6291363308363447,0.3805864375047284,0.23958827332548677,0.2758108622552339
diff_mean_diff_covariance,2,sigmoid,0.9000000000000001,0.9,5.7275360341928305,7.263876253344584,3.7146157294849558,2.432968412871012,2.639791885229391,0.17082726011386876,0.17020016075299896,0.18539680955274318,0.21398709059884058,0.09752698553459792,0.06852495701001546,0.05286312090421401
diff_mean_tiny_covariance_gap,0,linear,1.0999999999999999,1.0999999999999999,0.7308708898522757,4.655947402212187,4.6088020938328995,3.2029340476190584,3.0559180219775226,1.1,1.1,1.5588185638275625,4.626847730948363,4.795706823935552,3.374226062106158,3.0442178552236503
diff_mean_tiny_covariance_gap,0,rbf,1.0999999999999999,1.0999999999999999,0.7308708898522757,4.655947402212187,4.6088020938328995,3.2029340476190584,3.0559180219775226,0.11773124894766768,0.15295843272554407,0.04203378436156178,0.10068737483967827,0.10227057742049375,0.0720550681977007,0.07080933902348928
diff_mean_tiny_covariance_gap,0,laplacian,1.0999999999999999,1.0999999999999999,0.7308708898522757,4.655947402212187,4.6088020938328995,3.2029340476190584,3.0559180219775226,0.0963204671879872,0.12171432256255446,0.027650431183037477,0.07320231159889762,0.07598957353225656,0.05375556117405425,0.05224312855349425
diff_mean_tiny_covariance_gap,0,polynomial,1.0999999999999999,1.0999999999999999,0.7308708898522757,4.655947402212187,4.6088020938328995,3.2029340476190584,3.0559180219775226,0.3100582669316944,0.3520096076473926,0.20032207591928325,0.434896929689707,0.42689271806485873,0.3039122966021328,0.2764366108070503
diff_mean_tiny_covariance_gap,0,sigmoid,1.0999999999999999,1.0999999999999999,0.7308708898522757,4.655947402212187,4.6088020938328995,3.2029340476190584,3.0559180219775226,0.20919251572666908,0.20902724908837556,0.044137608325003796,0.1308269672527035,0.13389876701666287,0.09026791952007426,0.08137275823229671
diff_mean_tiny_covariance_gap,1,linear,1.0999999999999999,1.1,0.7308708898522757,4.238763207272534,4.098657325581828,2.7507506884062436,2.8226551382993152,1.1,1.1,1.5588185638275625,4.212270937227079,4.474768794980919,2.9786466299819945,3.0141644835094494
diff_mean_tiny_covariance_gap,1,rbf,1.0999999999999999,1.1,0.7308708898522757,4.238763207272534,4.098657325581828,2.7507506884062436,2.8226551382993152,0.11773124894766768,0.15411150981100413,0.04203378436156178,0.09820285222862193,0.09975087724265098,0.06972795374392143,0.0690708686314981
diff_mean_tiny_covariance_gap,1,laplacian,1.0999999999999999,1.1,0.7308708898522757,4.238763207272534,4.098657325581828,2.7507506884062436,2.8226551382993152,0.0963204671879872,0.12733294802143869,0.027650431183037477,0.07098018681442482,0.07390788111945418,0.05134575044899135,0.05189704940546311
diff_mean_tiny_covariance_gap,1,polynomial,1.0999999999999999,1.1,0.7308708898522757,4.238763207272534,4.098657325581828,2.7507506884062436,2.8226551382993152,0.3100582669316944,0.3443075055140375,0.20032207591928325,0.3913226663592078,0.39145906331006197,0.2595321246251807,0.27209410165000797
diff_mean_tiny_covariance_gap,1,sigmoid,1.0999999999999999,1.1,0.7308708898522757,4.238763207272534,4.098657325581828,2.7507506884062436,2.8226551382993152,0.20919251572666908,0.20985326032713775,0.044137608325003796,0.12156479843855324,0.12886924918717438,0.08541327135273268,0.0811938437105077
diff_mean_tiny_covariance_gap,2,linear,1.0999999999999999,1.0999999999999996,0.7308708898522757,4.016004865346073,3.9806337243650876,3.075415458370567,2.8919294422860666,1.1,1.1,1.5588185638275625,3.9909048349376612,4.182812013022868,3.217204154983081,2.9325901258287943
diff_mean_tiny_covariance_gap,2,rbf,1.0999999999999999,1.0999999999999996,0.7308708898522757,4.016004865346073,3.9806337243650876,3.075415458370567,2.8919294422860666,0.11773124894766768,0.14415130519442815,0.04203378436156178,0.0966105650243316,0.0979043726823951,0.0717281825239607,0.06939387350574076
diff_mean_tiny_covariance_gap,2,laplacian,1.0999999999999999,1.0999999999999996,0.7308708898522757,4.016004865346073,3.9806337243650876,3.075415458370567,2.8919294422860666,0.0963204671879872,0.11882799080150745,0.027650431183037477,0.07097477987805469,0.07339376908455704,0.053622668122933315,0.05138226977444564
diff_mean_tiny_covariance_gap,2,polynomial,1.0999999999999999,1.0999999999999996,0.7308708898522757,4.016004865346073,3.9806337243650876,3.075415458370567,2.8919294422860666,0.3100582669316944,0.3404262360471695,0.20032207591928325,0.39753586458093626,0.38689971555658165,0.28806266675616427,0.27684951992094825
diff_mean_tiny_covariance_gap,2,sigmoid,1.0999999999999999,1.0999999999999996,0.7308708898522757,4.016004865346073,3.9806337243650876,3.075415458370567,2.8919294422860666,0.20919251572666908,0.20878315226426847,0.044137608325003796,0.10210354138793615,0.10720004075827469,0.08656082232021957,0.07296302256976092
