index,regime,variant,r,mean,std,n_repeats
0,diff_mean_diff_covariance,KFDA-1D,1,0.6456944444444445,0.005657058848448973,3
1,diff_mean_diff_covariance,MY-large_mu,1,0.6530555555555556,0.004003759807055415,3
2,diff_mean_diff_covariance,MY-large_mu,2,0.6490277777777778,0.013548609331396861,3
3,diff_mean_diff_covariance,MY-large_mu,3,0.6269444444444444,0.017801633300013452,3
4,diff_mean_diff_covariance,MY-large_mu,4,0.6306944444444444,0.01610691995293856,3
5,diff_mean_diff_covariance,MY-large_mu,5,0.6437499999999999,0.0007216878364870088,3
6,diff_mean_diff_covariance,MY-large_mu,6,0.6330555555555556,0.0020553678592984464,3
7,diff_mean_diff_covariance,MY-large_mu,7,0.6222222222222222,0.016710013077105523,3
8,diff_mean_diff_covariance,MY-large_mu,8,0.6454166666666666,0.015827849927685482,3
9,diff_mean_diff_covariance,MY-large_mu,10,0.6548611111111111,0.0052429405800491135,3
10,diff_mean_diff_covariance,MY-large_mu,12,0.638888888888889,0.013548609331396866,3
11,diff_mean_diff_covariance,MY-large_mu,14,0.6397222222222222,0.005275949975895125,3
12,diff_mean_diff_covariance,MY-large_mu,16,0.6058333333333333,0.05921506236685995,3
13,diff_mean_diff_covariance,MY-large_mu,20,0.6676388888888889,0.017191392656835038,3
14,diff_mean_diff_covariance,MY-large_mu,24,0.6726388888888889,0.015703045823920566,3
15,diff_mean_diff_covariance,MY-large_mu,28,0.6740277777777778,0.010707063262337795,3
16,diff_mean_diff_covariance,MY-large_mu,32,0.686111111111111,0.01955376017642223,3
17,diff_mean_diff_covariance,MY-small_mu,1,0.5133333333333333,0.020845829585581628,3
18,diff_mean_diff_covariance,MY-small_mu,2,0.5161111111111111,0.010080692950902286,3
19,diff_mean_diff_covariance,MY-small_mu,3,0.5179166666666667,0.022364561500532756,3
20,diff_mean_diff_covariance,MY-small_mu,4,0.5184722222222222,0.003367876570272835,3
21,diff_mean_diff_covariance,MY-small_mu,5,0.5412499999999999,0.014148272371958065,3
22,diff_mean_diff_covariance,MY-small_mu,6,0.53125,0.01740051084818427,3
23,diff_mean_diff_covariance,MY-small_mu,7,0.5102777777777777,0.003938179688543814,3
24,diff_mean_diff_covariance,MY-small_mu,8,0.5318055555555555,0.008763217530192982,3
25,diff_mean_diff_covariance,MY-small_mu,10,0.5320833333333334,0.008364524958285357,3
26,diff_mean_diff_covariance,MY-small_mu,12,0.5402777777777777,0.008336804832477148,3
27,diff_mean_diff_covariance,MY-small_mu,14,0.5554166666666666,0.019649710204252636,3
28,diff_mean_diff_covariance,MY-small_mu,16,0.5609722222222223,0.006735753140545613,3
29,diff_mean_diff_covariance,MY-small_mu,20,0.6045833333333334,0.026578630723028383,3
30,diff_mean_diff_covariance,MY-small_mu,24,0.6286111111111111,0.05327850914803305,3
31,diff_mean_diff_covariance,MY-small_mu,28,0.6388888888888888,0.021410072482448642,3
32,diff_mean_diff_covariance,MY-small_mu,32,0.6068055555555555,0.075395178031293,3
33,diff_mean_tiny_covariance_gap,KFDA-1D,1,0.6630555555555556,0.021668002095597428,3
34,diff_mean_tiny_covariance_gap,MY-large_mu,1,0.6770833333333334,0.006222160217945025,3
35,diff_mean_tiny_covariance_gap,MY-large_mu,2,0.6625,0.008302024518821316,3
36,diff_mean_tiny_covariance_gap,MY-large_mu,3,0.6394444444444445,0.02911105810003654,3
37,diff_mean_tiny_covariance_gap,MY-large_mu,4,0.6555555555555556,0.0037577081273524166,3
38,diff_mean_tiny_covariance_gap,MY-large_mu,5,0.6565277777777778,0.013289859682117459,3
39,diff_mean_tiny_covariance_gap,MY-large_mu,6,0.6558333333333334,0.022912878474779158,3
40,diff_mean_tiny_covariance_gap,MY-large_mu,7,0.6355555555555555,0.008039975354670145,3
41,diff_mean_tiny_covariance_gap,MY-large_mu,8,0.6284722222222222,0.014967170865053427,3
42,diff_mean_tiny_covariance_gap,MY-large_mu,10,0.6458333333333334,0.013768926368215223,3
43,diff_mean_tiny_covariance_gap,MY-large_mu,12,0.6541666666666667,0.008749999999999971,3
44,diff_mean_tiny_covariance_gap,MY-large_mu,14,0.5877777777777777,0.07069389870996516,3
45,diff_mean_tiny_covariance_gap,MY-large_mu,16,0.6056944444444444,0.08868868513159033,3
46,diff_mean_tiny_covariance_gap,MY-large_mu,20,0.6084722222222222,0.08348458495989505,3
47,diff_mean_tiny_covariance_gap,MY-large_mu,24,0.6520833333333332,0.008609990966571623,3
48,diff_mean_tiny_covariance_gap,MY-large_mu,28,0.6544444444444445,0.015625462956104456,3
49,diff_mean_tiny_covariance_gap,MY-large_mu,32,0.6456944444444445,0.004046889523425931,3
50,diff_mean_tiny_covariance_gap,MY-small_mu,1,0.4997222222222222,0.0009622504486493904,3
51,diff_mean_tiny_covariance_gap,MY-small_mu,2,0.5019444444444444,0.0062407338718502865,3
52,diff_mean_tiny_covariance_gap,MY-small_mu,3,0.5023611111111111,0.016595333458312704,3
53,diff_mean_tiny_covariance_gap,MY-small_mu,4,0.5109722222222223,0.004003759807055387,3
54,diff_mean_tiny_covariance_gap,MY-small_mu,5,0.505,0.004506939094330022,3
55,diff_mean_tiny_covariance_gap,MY-small_mu,6,0.5072222222222222,0.0017347216662217328,3
56,diff_mean_tiny_covariance_gap,MY-small_mu,7,0.5123611111111112,0.012292255164819752,3
57,diff_mean_tiny_covariance_gap,MY-small_mu,8,0.5072222222222221,0.014345279259639254,3
58,diff_mean_tiny_covariance_gap,MY-small_mu,10,0.505,0.01263125532602007,3
59,diff_mean_tiny_covariance_gap,MY-small_mu,12,0.5081944444444444,0.010226033407888928,3
60,diff_mean_tiny_covariance_gap,MY-small_mu,14,0.5081944444444444,0.007515416254704819,3
61,diff_mean_tiny_covariance_gap,MY-small_mu,16,0.5134722222222222,0.01988392240908143,3
62,diff_mean_tiny_covariance_gap,MY-small_mu,20,0.5072222222222221,0.007974931788864157,3
63,diff_mean_tiny_covariance_gap,MY-small_mu,24,0.5130555555555555,0.007595838285486268,3
64,diff_mean_tiny_covariance_gap,MY-small_mu,28,0.5120833333333333,0.011110243021644484,3
65,diff_mean_tiny_covariance_gap,MY-small_mu,32,0.5123611111111112,0.023215226883648188,3
66,same_mean_diff_covariance,KFDA-1D,1,0.5225,0.031369217041197814,3
67,same_mean_diff_covariance,MY-large_mu,1,0.5465277777777778,0.012235630271798333,3
68,same_mean_diff_covariance,MY-large_mu,2,0.5570833333333333,0.03462848458198025,3
69,same_mean_diff_covariance,MY-large_mu,3,0.5637500000000001,0.024220486048889343,3
70,same_mean_diff_covariance,MY-large_mu,4,0.5522222222222223,0.016294454862291564,3
71,same_mean_diff_covariance,MY-large_mu,5,0.5318055555555555,0.015311200814121989,3
72,same_mean_diff_covariance,MY-large_mu,6,0.5344444444444444,0.023427389794695316,3
73,same_mean_diff_covariance,MY-large_mu,7,0.5445833333333333,0.008111634305804877,3
74,same_mean_diff_covariance,MY-large_mu,8,0.5476388888888889,0.022601366313992163,3
75,same_mean_diff_covariance,MY-large_mu,10,0.5343055555555555,0.004089564406759855,3
76,same_mean_diff_covariance,MY-large_mu,12,0.5641666666666667,0.006934715407122184,3
77,same_mean_diff_covariance,MY-large_mu,14,0.5663888888888889,0.0006364688465216289,3
78,same_mean_diff_covariance,MY-large_mu,16,0.5856944444444444,0.030340467720216188,3
79,same_mean_diff_covariance,MY-large_mu,20,0.61,0.01181453906563147,3
80,same_mean_diff_covariance,MY-large_mu,24,0.6351388888888888,0.028850468575692755,3
81,same_mean_diff_covariance,MY-large_mu,28,0.6927777777777777,0.00875330625366036,3
82,same_mean_diff_covariance,MY-large_mu,32,0.6969444444444445,0.005422005915539829,3
83,same_mean_diff_covariance,MY-small_mu,1,0.5344444444444445,0.014051822077713126,3
84,same_mean_diff_covariance,MY-small_mu,2,0.5077777777777778,0.006735753140545588,3
85,same_mean_diff_covariance,MY-small_mu,3,0.5363888888888889,0.013752104216096234,3
86,same_mean_diff_covariance,MY-small_mu,4,0.5338888888888889,0.010551899951790311,3
87,same_mean_diff_covariance,MY-small_mu,5,0.5273611111111111,0.01443576127898015,3
88,same_mean_diff_covariance,MY-small_mu,6,0.5320833333333334,0.026421398104146118,3
89,same_mean_diff_covariance,MY-small_mu,7,0.5222222222222223,0.007742977702647981,3
90,same_mean_diff_covariance,MY-small_mu,8,0.5556944444444444,0.004570689631084456,3
91,same_mean_diff_covariance,MY-small_mu,10,0.5504166666666667,0.023610702610845302,3
92,same_mean_diff_covariance,MY-small_mu,12,0.5375,0.009851325347947465,3
93,same_mean_diff_covariance,MY-small_mu,14,0.5805555555555556,0.013802509165338707,3
94,same_mean_diff_covariance,MY-small_mu,16,0.6072222222222222,0.047187078425882316,3
95,same_mean_diff_covariance,MY-small_mu,20,0.6115277777777778,0.003071297831596652,3
96,same_mean_diff_covariance,MY-small_mu,24,0.6141666666666666,0.04058812428941915,3
97,same_mean_diff_covariance,MY-small_mu,28,0.6862499999999999,0.01358486698908426,3
98,same_mean_diff_covariance,MY-small_mu,32,0.6897222222222222,0.007280745790045074,3
