regime,repeat,kernel,kernel_label,true_mean_gap_input,emp_mean_gap_input,true_cov_gap_input,emp_cov_gap_input,cov_gap_error_input,cov0_error_input,cov1_error_input,ref_D_mu_feature,emp_D_mu_feature,ref_D_sigma_feature,emp_D_sigma_feature,cov_gap_error_feature,cov0_error_feature,cov1_error_feature
same_mean_diff_covariance,1,linear,linear,0.0,8.487890111425742e-16,31.87684433229789,88.40438521450237,82.36334675421823,58.286408365009834,58.23099380443768,0.0,0.0,47.49944829851375,88.06436834829276,89.28004487738927,63.05393727806127,63.16447168042514
same_mean_diff_covariance,1,rbf,rbf(gamma=0.0015180349079130444),0.0,8.487890111425742e-16,31.87684433229789,88.40438521450237,82.36334675421823,58.286408365009834,58.23099380443768,0.041006418693077314,0.07981673410184766,0.03542830160909312,0.07745397612826195,0.08309095037546478,0.058801539512309965,0.058703955641578334
same_mean_diff_covariance,1,laplacian,laplacian(gamma=0.0015180349079130444),0.0,8.487890111425742e-16,31.87684433229789,88.40438521450237,82.36334675421823,58.286408365009834,58.23099380443768,0.03053646898347876,0.06326279311414121,0.025674887991823155,0.05660725076157998,0.06086521194405183,0.043046190595756914,0.04302724160347049
same_mean_diff_covariance,1,polynomial,"polynomial(coef0=1.0, degree=2, gamma=0.0015180349079130444)",0.0,8.487890111425742e-16,31.87684433229789,88.40438521450237,82.36334675421823,58.286408365009834,58.23099380443768,0.07210582062375877,0.13368478529602126,0.15422694171070858,0.2955767020595063,0.3037746340927381,0.21449931237971945,0.2149866517294399
same_mean_diff_covariance,1,sigmoid,"sigmoid(coef0=0.0, gamma=0.0015180349079130444)",0.0,8.487890111425742e-16,31.87684433229789,88.40438521450237,82.36334675421823,58.286408365009834,58.23099380443768,3.4489486358037305e-11,0.0,0.06277495101636453,0.10596956083897235,0.10261988085997188,0.0724406570199375,0.07260160918638678
same_mean_diff_covariance,2,linear,linear,0.0,7.973125579157153e-16,31.87684433229789,88.06071593187652,82.1736438895561,58.18745390557016,58.183262719632815,0.0,5.835717486123789e-09,47.49944829851375,87.72202087060008,89.37140033512813,63.165377554119615,63.45947565175989
same_mean_diff_covariance,2,rbf,rbf(gamma=0.0015195772104199914),0.0,7.973125579157153e-16,31.87684433229789,88.06071593187652,82.1736438895561,58.18745390557016,58.183262719632815,0.041014589883855965,0.07971383043949873,0.035432182132613996,0.07742391321489506,0.0831404637449514,0.058833869344422855,0.05879170693628697
same_mean_diff_covariance,2,laplacian,laplacian(gamma=0.0015195772104199914),0.0,7.973125579157153e-16,31.87684433229789,88.06071593187652,82.1736438895561,58.18745390557016,58.183262719632815,0.030547488090062712,0.0633087621768481,0.02568777104676607,0.05659924279840607,0.060915939282917934,0.04310564321996642,0.04307190409407113
same_mean_diff_covariance,2,polynomial,"polynomial(coef0=1.0, degree=2, gamma=0.0015195772104199914)",0.0,7.973125579157153e-16,31.87684433229789,88.06071593187652,82.1736438895561,58.18745390557016,58.183262719632815,0.0721790791419441,0.13330038376695286,0.15440335294820076,0.29476594573254233,0.3041808680521,0.2150160742136609,0.21579828096722206
same_mean_diff_covariance,2,sigmoid,"sigmoid(coef0=0.0, gamma=0.0015195772104199914)",0.0,7.973125579157153e-16,31.87684433229789,88.06071593187652,82.1736438895561,58.18745390557016,58.183262719632815,0.0,2.046453387846984e-10,0.06282612656836994,0.10555335046454807,0.10302269176075185,0.07273801323783095,0.0734241474799833
same_mean_diff_covariance,3,linear,linear,0.0,9.009845564582519e-16,31.87684433229789,88.67209092970023,82.764627794869,58.671430330271804,58.37299550904593,0.0,8.771569210615979e-09,47.49944829851375,88.33104442612448,89.84076318197235,63.422079386349715,63.607504962727106
same_mean_diff_covariance,3,rbf,rbf(gamma=0.0015125581748672756),0.0,9.009845564582519e-16,31.87684433229789,88.67209092970023,82.764627794869,58.671430330271804,58.37299550904593,0.04097715224510344,0.07992928129067195,0.03541444589114649,0.07748782776269578,0.08316678221535699,0.058832193137952904,0.05877124396251503
same_mean_diff_covariance,3,laplacian,laplacian(gamma=0.0015125581748672756),0.0,9.009845564582519e-16,31.87684433229789,88.67209092970023,82.764627794869,58.671430330271804,58.37299550904593,0.030497231250985357,0.06410766706162067,0.025629013519280597,0.056560479690148414,0.060837323406075235,0.043039151733744944,0.043001693194384176
same_mean_diff_covariance,3,polynomial,"polynomial(coef0=1.0, degree=2, gamma=0.0015125581748672756)",0.0,9.009845564582519e-16,31.87684433229789,88.67209092970023,82.764627794869,58.671430330271804,58.37299550904593,0.07184567882559624,0.13360584334129763,0.15360096778398652,0.29526186825939643,0.3041829797047864,0.2148905231412124,0.2152221991517465
same_mean_diff_covariance,3,sigmoid,"sigmoid(coef0=0.0, gamma=0.0015125581748672756)",0.0,9.009845564582519e-16,31.87684433229789,88.67209092970023,82.764627794869,58.671430330271804,58.37299550904593,0.0,1.8791047782571271e-10,0.06259305541415654,0.10596867151752994,0.10325163341962648,0.07268450525164329,0.073287867561414
diff_mean_diff_covariance,1,linear,linear,0.9,0.9000000000000001,25.80722530474493,89.48687939381493,85.47827492883825,59.93075579110793,60.85055624255699,0.9,0.8999999999999999,42.26122764611264,89.08012085111577,91.42332624719562,64.05839251607475,65.02420632092088
diff_mean_diff_covariance,1,rbf,rbf(gamma=0.0015949687866116983),0.9,0.9000000000000001,25.80722530474493,89.48687939381493,85.47827492883825,59.93075579110793,60.85055624255699,0.04323522619892658,0.08737503659616074,0.034769626859703535,0.08376727008302379,0.08925755686885593,0.06301827289633227,0.06317352614135743
diff_mean_diff_covariance,1,laplacian,laplacian(gamma=0.0015949687866116983),0.9,0.9000000000000001,25.80722530474493,89.48687939381493,85.47827492883825,59.93075579110793,60.85055624255699,0.03354280141431587,0.07084271265908193,0.025549366747001683,0.062093365770811246,0.0662610589001701,0.04678386481994555,0.0468997291353431
diff_mean_diff_covariance,1,polynomial,"polynomial(coef0=1.0, degree=2, gamma=0.0015949687866116983)",0.9,0.9000000000000001,25.80722530474493,89.48687939381493,85.47827492883825,59.93075579110793,60.85055624255699,0.08442351069011923,0.15089923564938826,0.14536878780439527,0.3153393141471215,0.3265025140608652,0.228558753294153,0.23257982258504137
diff_mean_diff_covariance,1,sigmoid,"sigmoid(coef0=0.0, gamma=0.0015949687866116983)",0.9,0.9000000000000001,25.80722530474493,89.48687939381493,85.47827492883825,59.93075579110793,60.85055624255699,0.03588870224650959,0.03584792290141923,0.057560876599085035,0.11125892821324058,0.11075480487895252,0.07768413305484344,0.07851726099138993
diff_mean_diff_covariance,2,linear,linear,0.9,0.9000000000000001,25.80722530474493,88.36943380745272,84.6196057640326,59.74438575680505,59.6596680529039,0.9,0.9000000000000002,42.26122764611264,87.96775456287338,90.95898984491222,64.0512785986205,64.22867216752155
diff_mean_diff_covariance,2,rbf,rbf(gamma=0.001606602587542725),0.9,0.9000000000000001,25.80722530474493,88.36943380745272,84.6196057640326,59.74438575680505,59.6596680529039,0.0432616759624534,0.08713847894949665,0.03480694341071487,0.0837153570049944,0.0893233735331312,0.06314643547214596,0.06310406724079536
diff_mean_diff_covariance,2,laplacian,laplacian(gamma=0.001606602587542725),0.9,0.9000000000000001,25.80722530474493,88.36943380745272,84.6196057640326,59.74438575680505,59.6596680529039,0.03361147161513371,0.07098121734303506,0.025642614927010865,0.06213818065765026,0.06640009675668102,0.046940592551839,0.04691906614005785
diff_mean_diff_covariance,2,polynomial,"polynomial(coef0=1.0, degree=2, gamma=0.001606602587542725)",0.9,0.9000000000000001,25.80722530474493,88.36943380745272,84.6196057640326,59.74438575680505,59.6596680529039,0.08492760733116839,0.15025526683448825,0.1465782169106012,0.3138847715295971,0.3271100484540684,0.230582788501696,0.2309980793504372
diff_mean_diff_covariance,2,sigmoid,"sigmoid(coef0=0.0, gamma=0.001606602587542725)",0.9,0.9000000000000001,25.80722530474493,88.36943380745272,84.6196057640326,59.74438575680505,59.6596680529039,0.03601860153762268,0.03597922788493863,0.05788380474679497,0.11037960793329891,0.11110585275705986,0.07791993465931164,0.07846331062289814
diff_mean_diff_covariance,3,linear,linear,0.9,0.9000000000000001,25.80722530474493,89.47854851326107,85.52175889019705,60.38187388930781,60.487709204751745,0.9,0.8999999999999999,42.26122764611264,89.0718278382008,91.56494157445331,64.52889637122794,64.77629319012667
diff_mean_diff_covariance,3,rbf,rbf(gamma=0.0015884513763811676),0.9,0.9000000000000001,25.80722530474493,89.47854851326107,85.52175889019705,60.38187388930781,60.487709204751745,0.04321986111162754,0.0871360287452751,0.03474847104505604,0.08372560429430456,0.08924034170555498,0.06307553428725346,0.06310426475777388
diff_mean_diff_covariance,3,laplacian,laplacian(gamma=0.0015884513763811676),0.9,0.9000000000000001,25.80722530474493,89.47854851326107,85.52175889019705,60.38187388930781,60.487709204751745,0.0335040070173442,0.07128945580292657,0.02549677964594291,0.06196430827199152,0.06614994379393022,0.04674675932955043,0.04680717035298352
diff_mean_diff_covariance,3,polynomial,"polynomial(coef0=1.0, degree=2, gamma=0.0015884513763811676)",0.9,0.9000000000000001,25.80722530474493,89.47854851326107,85.52175889019705,60.38187388930781,60.487709204751745,0.08414104470979845,0.15030520659073318,0.14469259352663702,0.3140671929753977,0.3255751248510845,0.22939354247219104,0.23050674103671973
diff_mean_diff_covariance,3,sigmoid,"sigmoid(coef0=0.0, gamma=0.0015884513763811676)",0.9,0.9000000000000001,25.80722530474493,89.47854851326107,85.52175889019705,60.38187388930781,60.487709204751745,0.035815718315486536,0.03577526468831935,0.05737945536902184,0.1106325473648179,0.11046464805034825,0.07784948808383806,0.07798258484536962
diff_mean_tiny_covariance_gap,1,linear,linear,1.1,1.1,3.7007693676785185,93.04683520731601,92.97555329213412,65.89970099723845,65.56445356816381,1.0999999999999999,1.1,31.41721605498742,92.4652924872703,97.55075934185267,69.02963576069384,68.81048150423369
diff_mean_tiny_covariance_gap,1,rbf,rbf(gamma=0.0017104851539919562),1.1,1.1,3.7007693676785185,93.04683520731601,92.97555329213412,65.89970099723845,65.56445356816381,0.040481814419479976,0.09934089835331106,0.03297510039640533,0.09721108664699361,0.1026195139198246,0.07258197349318264,0.072507629154926
diff_mean_tiny_covariance_gap,1,laplacian,laplacian(gamma=0.0017104851539919562),1.1,1.1,3.7007693676785185,93.04683520731601,92.97555329213412,65.89970099723845,65.56445356816381,0.033419895975045306,0.08291731764078222,0.024927161122792734,0.07352521235516908,0.07761850610208997,0.05489554030599071,0.05484924135578637
diff_mean_tiny_covariance_gap,1,polynomial,"polynomial(coef0=1.0, degree=2, gamma=0.0017104851539919562)",1.1,1.1,3.7007693676785185,93.04683520731601,92.97555329213412,65.89970099723845,65.56445356816381,0.08382851529915548,0.1707457789076604,0.1203904132258271,0.3541629072534867,0.3736402877741972,0.26452413914054035,0.2635243010074473
diff_mean_tiny_covariance_gap,1,sigmoid,"sigmoid(coef0=0.0, gamma=0.0017104851539919562)",1.1,1.1,3.7007693676785185,93.04683520731601,92.97555329213412,65.89970099723845,65.56445356816381,0.0454337372825895,0.04536082432798146,0.04097673944117754,0.11990751361853277,0.12648030532565396,0.08935365562372054,0.08925189782959674
diff_mean_tiny_covariance_gap,2,linear,linear,1.1,1.1,3.7007693676785185,93.14391131600115,93.07698576519813,65.41631585660073,66.22062626450578,1.0999999999999999,1.1,31.41721605498742,92.56176187027614,97.70122362223806,68.62726016916312,69.47815819975094
diff_mean_tiny_covariance_gap,2,rbf,rbf(gamma=0.001711441527690513),1.1,1.1,3.7007693676785185,93.14391131600115,93.07698576519813,65.41631585660073,66.22062626450578,0.04048258941908933,0.09945250276569113,0.03298014271935677,0.09722767346156189,0.1026403357240551,0.07246804466677736,0.0726814072893809
diff_mean_tiny_covariance_gap,2,laplacian,laplacian(gamma=0.001711441527690513),1.1,1.1,3.7007693676785185,93.14391131600115,93.07698576519813,65.41631585660073,66.22062626450578,0.03342452644420437,0.08503447379442364,0.024934653009312868,0.07358666912650189,0.07767844299723656,0.05484484258121737,0.05500186075824688
diff_mean_tiny_covariance_gap,2,polynomial,"polynomial(coef0=1.0, degree=2, gamma=0.001711441527690513)",1.1,1.1,3.7007693676785185,93.14391131600115,93.07698576519813,65.41631585660073,66.22062626450578,0.08386158020010041,0.17098741930705472,0.12047128935600214,0.35453886113411154,0.3742037571721583,0.26275935847341386,0.2662422618907523
diff_mean_tiny_covariance_gap,2,sigmoid,"sigmoid(coef0=0.0, gamma=0.001711441527690513)",1.1,1.1,3.7007693676785185,93.14391131600115,93.07698576519813,65.41631585660073,66.22062626450578,0.04544637480399455,0.04537273269108559,0.040989522729967864,0.1202871495579762,0.1269752306538444,0.08919135678443064,0.09023653539163404
diff_mean_tiny_covariance_gap,3,linear,linear,1.1,1.0999999999999999,3.7007693676785185,93.53484811573566,93.4500718605373,66.3039380201533,66.11275535669635,1.0999999999999999,1.0999999999999999,31.41721605498742,92.95025531501231,98.02797702707892,69.4161234834174,69.35429871519884
diff_mean_tiny_covariance_gap,3,rbf,rbf(gamma=0.0017012047398470773),1.1,1.0999999999999999,3.7007693676785185,93.53484811573566,93.4500718605373,66.3039380201533,66.11275535669635,0.04047406217908992,0.09927444108276143,0.0329259023551345,0.09719524707129924,0.10259466103888279,0.07256433169337625,0.07255613412427155
diff_mean_tiny_covariance_gap,3,laplacian,laplacian(gamma=0.0017012047398470773),1.1,1.0999999999999999,3.7007693676785185,93.53484811573566,93.4500718605373,66.3039380201533,66.11275535669635,0.033374746484296565,0.08307936119006708,0.024854225938618652,0.07346134791604299,0.07754647755184506,0.05484506298272621,0.05482884569358412
diff_mean_tiny_covariance_gap,3,polynomial,"polynomial(coef0=1.0, degree=2, gamma=0.0017012047398470773)",1.1,1.0999999999999999,3.7007693676785185,93.53484811573566,93.4500718605373,66.3039380201533,66.11275535669635,0.08350754320221149,0.17064933289394668,0.11960670807419826,0.35402441465932694,0.373315909400027,0.26432631628557685,0.26404196580017475
diff_mean_tiny_covariance_gap,3,sigmoid,"sigmoid(coef0=0.0, gamma=0.0017012047398470773)",1.1,1.0999999999999999,3.7007693676785185,93.53484811573566,93.4500718605373,66.3039380201533,66.11275535669635,0.04531091778082159,0.0452367048819778,0.04085214928544375,0.11991345260837061,0.12648541549637618,0.08961445789128292,0.08956968919456144
