variant,r,stage1_kernel,stage1_params,stage1_label,val_acc,best_svm_kernel,best_svm_params,diag,regime,repeat
KFDA-1D,1,linear,{},linear,0.6818181818181818,linear,{'C': 2.0},"{'top_lambda': 3.9824935467094815, 'd_norm': 149.4384272610592}",weak500,1
KFDA-1D,1,rbf,{'gamma': 0.0016278853034613775},rbf(gamma=0.0016278853034613775),0.48787878787878786,rbf,"{'C': 0.5, 'gamma': 'scale'}","{'top_lambda': 48035.7828123039, 'd_norm': 0.19520310583164452}",weak500,1
KFDA-1D,1,laplacian,{'gamma': 0.0016278853034613775},laplacian(gamma=0.0016278853034613775),0.49696969696969695,rbf,"{'C': 1.0, 'gamma': 0.5}","{'top_lambda': 46372.45318614873, 'd_norm': 0.14204257625028105}",weak500,1
KFDA-1D,1,polynomial,"{'degree': 2, 'gamma': 0.0016278853034613775, 'coef0': 1.0}","polynomial(coef0=1.0, degree=2, gamma=0.0016278853034613775)",0.47878787878787876,sigmoid,"{'C': 0.5, 'gamma': 'scale', 'coef0': 0.0}","{'top_lambda': 36625.18210525915, 'd_norm': 0.7055885044793716}",weak500,1
KFDA-1D,1,sigmoid,"{'gamma': 0.0016278853034613775, 'coef0': 0.0}","sigmoid(coef0=0.0, gamma=0.0016278853034613775)",0.6484848484848484,linear,{'C': 2.0},"{'top_lambda': 2.9273981728181804, 'd_norm': 0.1961670896173412}",weak500,1
MY-large_mu,1,linear,{},linear,0.6757575757575758,linear,{'C': 1.0},"{'thetas': array([0.0013]), 'lambdas': array([0.0013]), 'gvals': array([392.4212])}",weak500,1
MY-large_mu,1,rbf,{'gamma': 0.0016278853034613775},rbf(gamma=0.0016278853034613775),0.5212121212121212,rbf,"{'C': 0.5, 'gamma': 0.5}","{'thetas': array([0.]), 'lambdas': array([0.]), 'gvals': array([103469.6122])}",weak500,1
MY-large_mu,1,laplacian,{'gamma': 0.0016278853034613775},laplacian(gamma=0.0016278853034613775),0.5333333333333333,rbf,"{'C': 2.0, 'gamma': 'scale'}","{'thetas': array([0.]), 'lambdas': array([0.]), 'gvals': array([28131.977])}",weak500,1
MY-large_mu,1,polynomial,"{'degree': 2, 'gamma': 0.0016278853034613775, 'coef0': 1.0}","polynomial(coef0=1.0, degree=2, gamma=0.0016278853034613775)",0.5242424242424243,poly,"{'C': 2.0, 'gamma': 'scale', 'degree': 2, 'coef0': 1.0}","{'thetas': array([0.0002]), 'lambdas': array([0.0002]), 'gvals': array([2107.4351])}",weak500,1
MY-large_mu,1,sigmoid,"{'gamma': 0.0016278853034613775, 'coef0': 0.0}","sigmoid(coef0=0.0, gamma=0.0016278853034613775)",0.6575757575757576,linear,{'C': 0.5},"{'thetas': array([0.0005]), 'lambdas': array([0.0005]), 'gvals': array([1066.6152])}",weak500,1
MY-large_mu,2,linear,{},linear,0.7,poly,"{'C': 0.5, 'gamma': 'scale', 'degree': 2, 'coef0': 1.0}","{'thetas': array([0.0016, 0.0018]), 'lambdas': array([0.0016, 0.0018]), 'gvals': array([311.6953, 269.8875])}",weak500,1
MY-large_mu,2,rbf,{'gamma': 0.0016278853034613775},rbf(gamma=0.0016278853034613775),0.5636363636363636,rbf,"{'C': 2.0, 'gamma': 'scale'}","{'thetas': array([0., 0.]), 'lambdas': array([0., 0.]), 'gvals': array([18217.0579, 10929.7475])}",weak500,1
MY-large_mu,2,laplacian,{'gamma': 0.0016278853034613775},laplacian(gamma=0.0016278853034613775),0.5181818181818182,rbf,"{'C': 1.0, 'gamma': 'scale'}","{'thetas': array([0.    , 0.0001]), 'lambdas': array([0.    , 0.0001]), 'gvals': array([30812.0276,  7249.0938])}",weak500,1
MY-large_mu,2,polynomial,"{'degree': 2, 'gamma': 0.0016278853034613775, 'coef0': 1.0}","polynomial(coef0=1.0, degree=2, gamma=0.0016278853034613775)",0.5060606060606061,rbf,"{'C': 0.5, 'gamma': 'scale'}","{'thetas': array([0.    , 0.0002]), 'lambdas': array([0.    , 0.0002]), 'gvals': array([13870.4216,  2682.3486])}",weak500,1
MY-large_mu,2,sigmoid,"{'gamma': 0.0016278853034613775, 'coef0': 0.0}","sigmoid(coef0=0.0, gamma=0.0016278853034613775)",0.6696969696969697,rbf,"{'C': 0.5, 'gamma': 'scale'}","{'thetas': array([0.0004, 0.0024]), 'lambdas': array([0.0004, 0.0024]), 'gvals': array([1255.1875,  201.5189])}",weak500,1
MY-large_mu,3,linear,{},linear,0.7212121212121212,rbf,"{'C': 0.5, 'gamma': 'scale'}","{'thetas': array([0.0036, 0.0055, 0.0077]), 'lambdas': array([0.0036, 0.0055, 0.0077]), 'gvals': array([134.0265,  88.2667,  62.1795])}",weak500,1
MY-large_mu,3,rbf,{'gamma': 0.0016278853034613775},rbf(gamma=0.0016278853034613775),0.503030303030303,rbf,"{'C': 1.0, 'gamma': 0.5}","{'thetas': array([0.0001, 0.0001, 0.0002]), 'lambdas': array([0.0001, 0.0001, 0.0002]), 'gvals': array([4898.216 , 4490.6872, 2203.0231])}",weak500,1
MY-large_mu,3,laplacian,{'gamma': 0.0016278853034613775},laplacian(gamma=0.0016278853034613775),0.4575757575757576,rbf,"{'C': 1.0, 'gamma': 0.5}","{'thetas': array([0.    , 0.    , 0.0002]), 'lambdas': array([0.    , 0.    , 0.0002]), 'gvals': array([123155.8757,  12391.1033,   2089.2374])}",weak500,1
MY-large_mu,3,polynomial,"{'degree': 2, 'gamma': 0.0016278853034613775, 'coef0': 1.0}","polynomial(coef0=1.0, degree=2, gamma=0.0016278853034613775)",0.5333333333333333,poly,"{'C': 1.0, 'gamma': 'scale', 'degree': 2, 'coef0': 1.0}","{'thetas': array([0.0001, 0.0009, 0.0016]), 'lambdas': array([0.0001, 0.0009, 0.0016]), 'gvals': array([3449.5975,  569.6625,  305.9955])}",weak500,1
MY-large_mu,3,sigmoid,"{'gamma': 0.0016278853034613775, 'coef0': 0.0}","sigmoid(coef0=0.0, gamma=0.0016278853034613775)",0.696969696969697,rbf,"{'C': 1.0, 'gamma': 0.5}","{'thetas': array([0.0011, 0.0029, 0.0069]), 'lambdas': array([0.0011, 0.0029, 0.0069]), 'gvals': array([469.0045, 166.7653,  69.0305])}",weak500,1
MY-large_mu,4,linear,{},linear,0.6757575757575758,poly,"{'C': 2.0, 'gamma': 'scale', 'degree': 2, 'coef0': 1.0}","{'thetas': array([0.    , 0.0011, 0.0032, 0.0045]), 'lambdas': array([0.    , 0.0011, 0.0032, 0.0045]), 'gvals': array([1.6712e+08, 4.6534e+02, 1.5406e+02, 1.0781e+02])}",weak500,1
MY-large_mu,4,rbf,{'gamma': 0.0016278853034613775},rbf(gamma=0.0016278853034613775),0.5363636363636364,rbf,"{'C': 1.0, 'gamma': 0.5}","{'thetas': array([0.    , 0.    , 0.0001, 0.0002]), 'lambdas': array([0.    , 0.    , 0.0001, 0.0002]), 'gvals': array([97905.9317, 14556.4409,  3946.4029,  2287.712 ])}",weak500,1
MY-large_mu,4,laplacian,{'gamma': 0.0016278853034613775},laplacian(gamma=0.0016278853034613775),0.5363636363636364,rbf,"{'C': 2.0, 'gamma': 'scale'}","{'thetas': array([0.    , 0.0001, 0.0003, 0.0005]), 'lambdas': array([0.    , 0.0001, 0.0003, 0.0005]), 'gvals': array([10665.4454,  7760.5041,  1539.8738,  1068.7502])}",weak500,1
MY-large_mu,4,polynomial,"{'degree': 2, 'gamma': 0.0016278853034613775, 'coef0': 1.0}","polynomial(coef0=1.0, degree=2, gamma=0.0016278853034613775)",0.5060606060606061,rbf,"{'C': 2.0, 'gamma': 0.5}","{'thetas': array([0.    , 0.0005, 0.0008, 0.0023]), 'lambdas': array([0.    , 0.0005, 0.0008, 0.0023]), 'gvals': array([46195.3672,   933.6969,   642.2337,   213.3585])}",weak500,1
MY-large_mu,4,sigmoid,"{'gamma': 0.0016278853034613775, 'coef0': 0.0}","sigmoid(coef0=0.0, gamma=0.0016278853034613775)",0.6727272727272727,poly,"{'C': 2.0, 'gamma': 'scale', 'degree': 2, 'coef0': 1.0}","{'thetas': array([0.002 , 0.0074, 0.0093, 0.0184]), 'lambdas': array([0.002 , 0.0074, 0.0093, 0.0184]), 'gvals': array([249.129 ,  64.994 ,  51.1649,  24.634 ])}",weak500,1
MY-small_mu,1,linear,{},linear,0.5727272727272728,rbf,"{'C': 2.0, 'gamma': 'scale'}","{'thetas': array([0.0013]), 'lambdas': array([0.0013]), 'D_scores': array([392.7538])}",weak500,1
MY-small_mu,1,rbf,{'gamma': 0.0016278853034613775},rbf(gamma=0.0016278853034613775),0.5151515151515151,poly,"{'C': 2.0, 'gamma': 'scale', 'degree': 2, 'coef0': 1.0}","{'thetas': array([0.]), 'lambdas': array([0.]), 'D_scores': array([103469.8822])}",weak500,1
MY-small_mu,1,laplacian,{'gamma': 0.0016278853034613775},laplacian(gamma=0.0016278853034613775),0.5454545454545454,poly,"{'C': 2.0, 'gamma': 'scale', 'degree': 2, 'coef0': 1.0}","{'thetas': array([0.]), 'lambdas': array([0.]), 'D_scores': array([28132.2546])}",weak500,1
MY-small_mu,1,polynomial,"{'degree': 2, 'gamma': 0.0016278853034613775, 'coef0': 1.0}","polynomial(coef0=1.0, degree=2, gamma=0.0016278853034613775)",0.5333333333333333,rbf,"{'C': 2.0, 'gamma': 0.5}","{'thetas': array([0.0002]), 'lambdas': array([0.0002]), 'D_scores': array([2107.697])}",weak500,1
MY-small_mu,1,sigmoid,"{'gamma': 0.0016278853034613775, 'coef0': 0.0}","sigmoid(coef0=0.0, gamma=0.0016278853034613775)",0.5393939393939394,rbf,"{'C': 0.5, 'gamma': 0.5}","{'thetas': array([0.0005]), 'lambdas': array([0.0005]), 'D_scores': array([1066.6222])}",weak500,1
MY-small_mu,2,linear,{},linear,0.5666666666666667,rbf,"{'C': 0.5, 'gamma': 'scale'}","{'thetas': array([0.0016, 0.0018]), 'lambdas': array([0.0016, 0.0018]), 'D_scores': array([312.0746, 269.8912])}",weak500,1
MY-small_mu,2,rbf,{'gamma': 0.0016278853034613775},rbf(gamma=0.0016278853034613775),0.5181818181818182,rbf,"{'C': 0.5, 'gamma': 'scale'}","{'thetas': array([0., 0.]), 'lambdas': array([0., 0.]), 'D_scores': array([18217.2972, 10930.3748])}",weak500,1
MY-small_mu,2,laplacian,{'gamma': 0.0016278853034613775},laplacian(gamma=0.0016278853034613775),0.5272727272727272,poly,"{'C': 1.0, 'gamma': 'scale', 'degree': 2, 'coef0': 1.0}","{'thetas': array([0.    , 0.0001]), 'lambdas': array([0.    , 0.0001]), 'D_scores': array([30812.3787,  7249.0981])}",weak500,1
MY-small_mu,2,polynomial,"{'degree': 2, 'gamma': 0.0016278853034613775, 'coef0': 1.0}","polynomial(coef0=1.0, degree=2, gamma=0.0016278853034613775)",0.5666666666666667,rbf,"{'C': 0.5, 'gamma': 'scale'}","{'thetas': array([0.    , 0.0002]), 'lambdas': array([0.    , 0.0002]), 'D_scores': array([13872.5651,  2682.3549])}",weak500,1
MY-small_mu,2,sigmoid,"{'gamma': 0.0016278853034613775, 'coef0': 0.0}","sigmoid(coef0=0.0, gamma=0.0016278853034613775)",0.5424242424242425,rbf,"{'C': 2.0, 'gamma': 'scale'}","{'thetas': array([0.0004, 0.0024]), 'lambdas': array([0.0004, 0.0024]), 'D_scores': array([1255.3203,  202.0075])}",weak500,1
MY-small_mu,3,linear,{},linear,0.5818181818181818,poly,"{'C': 1.0, 'gamma': 'scale', 'degree': 2, 'coef0': 1.0}","{'thetas': array([0.0036, 0.0055, 0.0077]), 'lambdas': array([0.0036, 0.0055, 0.0077]), 'D_scores': array([134.0266,  88.3012,  62.1871])}",weak500,1
MY-small_mu,3,rbf,{'gamma': 0.0016278853034613775},rbf(gamma=0.0016278853034613775),0.49393939393939396,rbf,"{'C': 1.0, 'gamma': 'scale'}","{'thetas': array([0.0001, 0.0001, 0.0002]), 'lambdas': array([0.0001, 0.0001, 0.0002]), 'D_scores': array([4898.2266, 4490.6984, 2203.082 ])}",weak500,1
MY-small_mu,3,laplacian,{'gamma': 0.0016278853034613775},laplacian(gamma=0.0016278853034613775),0.5060606060606061,rbf,"{'C': 1.0, 'gamma': 'scale'}","{'thetas': array([0.    , 0.    , 0.0002]), 'lambdas': array([0.    , 0.    , 0.0002]), 'D_scores': array([123156.3628,  12391.1716,   2089.2387])}",weak500,1
MY-small_mu,3,polynomial,"{'degree': 2, 'gamma': 0.0016278853034613775, 'coef0': 1.0}","polynomial(coef0=1.0, degree=2, gamma=0.0016278853034613775)",0.5181818181818182,rbf,"{'C': 0.5, 'gamma': 0.5}","{'thetas': array([0.0001, 0.0009, 0.0016]), 'lambdas': array([0.0001, 0.0009, 0.0016]), 'D_scores': array([3449.8109,  569.7028,  306.047 ])}",weak500,1
MY-small_mu,3,sigmoid,"{'gamma': 0.0016278853034613775, 'coef0': 0.0}","sigmoid(coef0=0.0, gamma=0.0016278853034613775)",0.5272727272727272,rbf,"{'C': 0.5, 'gamma': 0.5}","{'thetas': array([0.0011, 0.0029, 0.0069]), 'lambdas': array([0.0011, 0.0029, 0.0069]), 'D_scores': array([469.1646, 166.8793,  69.0637])}",weak500,1
MY-small_mu,4,linear,{},linear,0.5333333333333333,poly,"{'C': 0.5, 'gamma': 'scale', 'degree': 2, 'coef0': 1.0}","{'thetas': array([0.    , 0.0011, 0.0032, 0.0045]), 'lambdas': array([0.    , 0.0011, 0.0032, 0.0045]), 'D_scores': array([1.6712e+08, 4.6567e+02, 1.5406e+02, 1.0783e+02])}",weak500,1
MY-small_mu,4,rbf,{'gamma': 0.0016278853034613775},rbf(gamma=0.0016278853034613775),0.5606060606060606,rbf,"{'C': 2.0, 'gamma': 0.5}","{'thetas': array([0.    , 0.    , 0.0001, 0.0002]), 'lambdas': array([0.    , 0.    , 0.0001, 0.0002]), 'D_scores': array([97907.5124, 14556.6681,  3946.418 ,  2287.7128])}",weak500,1
MY-small_mu,4,laplacian,{'gamma': 0.0016278853034613775},laplacian(gamma=0.0016278853034613775),0.5212121212121212,rbf,"{'C': 0.5, 'gamma': 0.5}","{'thetas': array([0.    , 0.0001, 0.0003, 0.0005]), 'lambdas': array([0.    , 0.0001, 0.0003, 0.0005]), 'D_scores': array([10665.4467,  7760.7385,  1539.879 ,  1068.7714])}",weak500,1
MY-small_mu,4,polynomial,"{'degree': 2, 'gamma': 0.0016278853034613775, 'coef0': 1.0}","polynomial(coef0=1.0, degree=2, gamma=0.0016278853034613775)",0.503030303030303,rbf,"{'C': 2.0, 'gamma': 'scale'}","{'thetas': array([0.    , 0.0005, 0.0008, 0.0023]), 'lambdas': array([0.    , 0.0005, 0.0008, 0.0023]), 'D_scores': array([46196.7611,   933.6988,   642.234 ,   213.3606])}",weak500,1
MY-small_mu,4,sigmoid,"{'gamma': 0.0016278853034613775, 'coef0': 0.0}","sigmoid(coef0=0.0, gamma=0.0016278853034613775)",0.5515151515151515,poly,"{'C': 1.0, 'gamma': 'scale', 'degree': 2, 'coef0': 1.0}","{'thetas': array([0.002 , 0.0074, 0.0093, 0.0184]), 'lambdas': array([0.002 , 0.0074, 0.0093, 0.0184]), 'D_scores': array([249.1974,  65.0171,  51.247 ,  24.6344])}",weak500,1
KFDA-1D,1,linear,{},linear,0.6787878787878788,rbf,"{'C': 1.0, 'gamma': 'scale'}","{'top_lambda': 3.2742719638068696, 'd_norm': 128.72551193903058}",weak500,2
KFDA-1D,1,rbf,{'gamma': 0.0016314126892635484},rbf(gamma=0.0016314126892635484),0.5484848484848485,linear,{'C': 0.5},"{'top_lambda': 44339.012192587055, 'd_norm': 0.18644042394062138}",weak500,2
KFDA-1D,1,laplacian,{'gamma': 0.0016314126892635484},laplacian(gamma=0.0016314126892635484),0.49696969696969695,poly,"{'C': 0.5, 'gamma': 'scale', 'degree': 2, 'coef0': 1.0}","{'top_lambda': 41879.5496190676, 'd_norm': 0.1344308222808448}",weak500,2
KFDA-1D,1,polynomial,"{'degree': 2, 'gamma': 0.0016314126892635484, 'coef0': 1.0}","polynomial(coef0=1.0, degree=2, gamma=0.0016314126892635484)",0.5363636363636364,linear,{'C': 0.5},"{'top_lambda': 31349.666681426603, 'd_norm': 0.6352732784356595}",weak500,2
KFDA-1D,1,sigmoid,"{'gamma': 0.0016314126892635484, 'coef0': 0.0}","sigmoid(coef0=0.0, gamma=0.0016314126892635484)",0.6666666666666666,rbf,"{'C': 0.5, 'gamma': 0.5}","{'top_lambda': 2.157929198405243, 'd_norm': 0.1631387660189068}",weak500,2
MY-large_mu,1,linear,{},linear,0.6575757575757576,rbf,"{'C': 0.5, 'gamma': 0.5}","{'thetas': array([0.0003]), 'lambdas': array([0.0003]), 'gvals': array([1925.9558])}",weak500,2
MY-large_mu,1,rbf,{'gamma': 0.0016314126892635484},rbf(gamma=0.0016314126892635484),0.5060606060606061,poly,"{'C': 2.0, 'gamma': 'scale', 'degree': 2, 'coef0': 1.0}","{'thetas': array([0.0001]), 'lambdas': array([0.0001]), 'gvals': array([7145.3979])}",weak500,2
MY-large_mu,1,laplacian,{'gamma': 0.0016314126892635484},laplacian(gamma=0.0016314126892635484),0.5181818181818182,poly,"{'C': 1.0, 'gamma': 'scale', 'degree': 2, 'coef0': 1.0}","{'thetas': array([0.]), 'lambdas': array([0.]), 'gvals': array([52060.6034])}",weak500,2
MY-large_mu,1,polynomial,"{'degree': 2, 'gamma': 0.0016314126892635484, 'coef0': 1.0}","polynomial(coef0=1.0, degree=2, gamma=0.0016314126892635484)",0.5151515151515151,poly,"{'C': 1.0, 'gamma': 'scale', 'degree': 2, 'coef0': 1.0}","{'thetas': array([0.0005]), 'lambdas': array([0.0005]), 'gvals': array([927.8317])}",weak500,2
MY-large_mu,1,sigmoid,"{'gamma': 0.0016314126892635484, 'coef0': 0.0}","sigmoid(coef0=0.0, gamma=0.0016314126892635484)",0.6666666666666666,rbf,"{'C': 1.0, 'gamma': 0.5}","{'thetas': array([0.0004]), 'lambdas': array([0.0004]), 'gvals': array([1189.3011])}",weak500,2
MY-large_mu,2,linear,{},linear,0.6666666666666666,rbf,"{'C': 1.0, 'gamma': 'scale'}","{'thetas': array([0.    , 0.0004]), 'lambdas': array([0.    , 0.0004]), 'gvals': array([1.0356e+10, 1.1834e+03])}",weak500,2
MY-large_mu,2,rbf,{'gamma': 0.0016314126892635484},rbf(gamma=0.0016314126892635484),0.46060606060606063,rbf,"{'C': 1.0, 'gamma': 'scale'}","{'thetas': array([0.    , 0.0001]), 'lambdas': array([0.    , 0.0001]), 'gvals': array([43459.3881,  3417.6423])}",weak500,2
MY-large_mu,2,laplacian,{'gamma': 0.0016314126892635484},laplacian(gamma=0.0016314126892635484),0.5060606060606061,poly,"{'C': 2.0, 'gamma': 'scale', 'degree': 2, 'coef0': 1.0}","{'thetas': array([0.0001, 0.0002]), 'lambdas': array([0.0001, 0.0002]), 'gvals': array([6318.7638, 2430.5718])}",weak500,2
MY-large_mu,2,polynomial,"{'degree': 2, 'gamma': 0.0016314126892635484, 'coef0': 1.0}","polynomial(coef0=1.0, degree=2, gamma=0.0016314126892635484)",0.5424242424242425,rbf,"{'C': 1.0, 'gamma': 'scale'}","{'thetas': array([0.0009, 0.0012]), 'lambdas': array([0.0009, 0.0012]), 'gvals': array([574.0281, 405.0609])}",weak500,2
MY-large_mu,2,sigmoid,"{'gamma': 0.0016314126892635484, 'coef0': 0.0}","sigmoid(coef0=0.0, gamma=0.0016314126892635484)",0.6636363636363637,poly,"{'C': 0.5, 'gamma': 'scale', 'degree': 2, 'coef0': 1.0}","{'thetas': array([0.0048, 0.0064]), 'lambdas': array([0.0048, 0.0064]), 'gvals': array([101.9992,  74.7261])}",weak500,2
MY-large_mu,3,linear,{},linear,0.5454545454545454,rbf,"{'C': 2.0, 'gamma': 0.5}","{'thetas': array([0.0017, 0.0025, 0.0075]), 'lambdas': array([0.0017, 0.0025, 0.0075]), 'gvals': array([291.6749, 200.0617,  63.8208])}",weak500,2
MY-large_mu,3,rbf,{'gamma': 0.0016314126892635484},rbf(gamma=0.0016314126892635484),0.5181818181818182,rbf,"{'C': 0.5, 'gamma': 0.5}","{'thetas': array([0.    , 0.0001, 0.0002]), 'lambdas': array([0.    , 0.0001, 0.0002]), 'gvals': array([55325.8811,  9007.0108,  3052.0309])}",weak500,2
MY-large_mu,3,laplacian,{'gamma': 0.0016314126892635484},laplacian(gamma=0.0016314126892635484),0.5424242424242425,poly,"{'C': 2.0, 'gamma': 'scale', 'degree': 2, 'coef0': 1.0}","{'thetas': array([0.    , 0.0001, 0.0002]), 'lambdas': array([0.    , 0.0001, 0.0002]), 'gvals': array([45925.4529,  5372.625 ,  2345.8023])}",weak500,2
MY-large_mu,3,polynomial,"{'degree': 2, 'gamma': 0.0016314126892635484, 'coef0': 1.0}","polynomial(coef0=1.0, degree=2, gamma=0.0016314126892635484)",0.503030303030303,poly,"{'C': 1.0, 'gamma': 'scale', 'degree': 2, 'coef0': 1.0}","{'thetas': array([0.0006, 0.0011, 0.0014]), 'lambdas': array([0.0006, 0.0011, 0.0014]), 'gvals': array([872.74  , 439.4184, 361.7835])}",weak500,2
MY-large_mu,3,sigmoid,"{'gamma': 0.0016314126892635484, 'coef0': 0.0}","sigmoid(coef0=0.0, gamma=0.0016314126892635484)",0.49393939393939396,rbf,"{'C': 0.5, 'gamma': 'scale'}","{'thetas': array([0.0068, 0.0093, 0.0122]), 'lambdas': array([0.0068, 0.0093, 0.0122]), 'gvals': array([70.4217, 50.6944, 38.2239])}",weak500,2
MY-large_mu,4,linear,{},linear,0.5181818181818182,rbf,"{'C': 1.0, 'gamma': 0.5}","{'thetas': array([0.0006, 0.0048, 0.0077, 0.011 ]), 'lambdas': array([0.0006, 0.0048, 0.0077, 0.011 ]), 'gvals': array([829.2469, 100.1141,  61.9827,  42.8567])}",weak500,2
MY-large_mu,4,rbf,{'gamma': 0.0016314126892635484},rbf(gamma=0.0016314126892635484),0.48787878787878786,rbf,"{'C': 2.0, 'gamma': 0.5}","{'thetas': array([0.    , 0.0001, 0.0001, 0.0002]), 'lambdas': array([0.    , 0.0001, 0.0001, 0.0002]), 'gvals': array([12187.9675,  5893.0819,  5404.3475,  2212.6731])}",weak500,2
MY-large_mu,4,laplacian,{'gamma': 0.0016314126892635484},laplacian(gamma=0.0016314126892635484),0.49696969696969695,poly,"{'C': 0.5, 'gamma': 'scale', 'degree': 2, 'coef0': 1.0}","{'thetas': array([0.0001, 0.0002, 0.0002, 0.0003]), 'lambdas': array([0.0001, 0.0002, 0.0002, 0.0003]), 'gvals': array([5469.2871, 2965.2342, 2585.1001, 1568.6635])}",weak500,2
MY-large_mu,4,polynomial,"{'degree': 2, 'gamma': 0.0016314126892635484, 'coef0': 1.0}","polynomial(coef0=1.0, degree=2, gamma=0.0016314126892635484)",0.5363636363636364,rbf,"{'C': 1.0, 'gamma': 'scale'}","{'thetas': array([0.0001, 0.0008, 0.0016, 0.0032]), 'lambdas': array([0.0001, 0.0008, 0.0016, 0.0032]), 'gvals': array([3517.3712,  634.9746,  303.5445,  154.8022])}",weak500,2
MY-large_mu,4,sigmoid,"{'gamma': 0.0016314126892635484, 'coef0': 0.0}","sigmoid(coef0=0.0, gamma=0.0016314126892635484)",0.5181818181818182,rbf,"{'C': 0.5, 'gamma': 'scale'}","{'thetas': array([0.0009, 0.0086, 0.0118, 0.0133]), 'lambdas': array([0.0009, 0.0086, 0.0118, 0.0133]), 'gvals': array([523.3195,  55.2076,  39.6567,  35.0033])}",weak500,2
MY-small_mu,1,linear,{},linear,0.5181818181818182,rbf,"{'C': 0.5, 'gamma': 0.5}","{'thetas': array([0.0003]), 'lambdas': array([0.0003]), 'D_scores': array([1926.5418])}",weak500,2
MY-small_mu,1,rbf,{'gamma': 0.0016314126892635484},rbf(gamma=0.0016314126892635484),0.47575757575757577,rbf,"{'C': 1.0, 'gamma': 'scale'}","{'thetas': array([0.0001]), 'lambdas': array([0.0001]), 'D_scores': array([7145.5666])}",weak500,2
MY-small_mu,1,laplacian,{'gamma': 0.0016314126892635484},laplacian(gamma=0.0016314126892635484),0.5060606060606061,rbf,"{'C': 2.0, 'gamma': 'scale'}","{'thetas': array([0.]), 'lambdas': array([0.]), 'D_scores': array([52063.7753])}",weak500,2
MY-small_mu,1,polynomial,"{'degree': 2, 'gamma': 0.0016314126892635484, 'coef0': 1.0}","polynomial(coef0=1.0, degree=2, gamma=0.0016314126892635484)",0.5606060606060606,rbf,"{'C': 0.5, 'gamma': 0.5}","{'thetas': array([0.0005]), 'lambdas': array([0.0005]), 'D_scores': array([927.8527])}",weak500,2
MY-small_mu,1,sigmoid,"{'gamma': 0.0016314126892635484, 'coef0': 0.0}","sigmoid(coef0=0.0, gamma=0.0016314126892635484)",0.5757575757575758,rbf,"{'C': 2.0, 'gamma': 0.5}","{'thetas': array([0.0004]), 'lambdas': array([0.0004]), 'D_scores': array([1189.5969])}",weak500,2
MY-small_mu,2,linear,{},linear,0.5393939393939394,rbf,"{'C': 0.5, 'gamma': 'scale'}","{'thetas': array([0.    , 0.0004]), 'lambdas': array([0.    , 0.0004]), 'D_scores': array([1.0356e+10, 1.1836e+03])}",weak500,2
MY-small_mu,2,rbf,{'gamma': 0.0016314126892635484},rbf(gamma=0.0016314126892635484),0.47878787878787876,rbf,"{'C': 2.0, 'gamma': 'scale'}","{'thetas': array([0.    , 0.0001]), 'lambdas': array([0.    , 0.0001]), 'D_scores': array([43460.4267,  3417.7955])}",weak500,2
MY-small_mu,2,laplacian,{'gamma': 0.0016314126892635484},laplacian(gamma=0.0016314126892635484),0.5060606060606061,rbf,"{'C': 0.5, 'gamma': 'scale'}","{'thetas': array([0.0001, 0.0002]), 'lambdas': array([0.0001, 0.0002]), 'D_scores': array([6318.7639, 2430.6068])}",weak500,2
MY-small_mu,2,polynomial,"{'degree': 2, 'gamma': 0.0016314126892635484, 'coef0': 1.0}","polynomial(coef0=1.0, degree=2, gamma=0.0016314126892635484)",0.5454545454545454,rbf,"{'C': 2.0, 'gamma': 'scale'}","{'thetas': array([0.0009, 0.0012]), 'lambdas': array([0.0009, 0.0012]), 'D_scores': array([574.0339, 405.061 ])}",weak500,2
MY-small_mu,2,sigmoid,"{'gamma': 0.0016314126892635484, 'coef0': 0.0}","sigmoid(coef0=0.0, gamma=0.0016314126892635484)",0.5242424242424243,linear,{'C': 1.0},"{'thetas': array([0.0048, 0.0064]), 'lambdas': array([0.0048, 0.0064]), 'D_scores': array([102.5362,  74.7285])}",weak500,2
MY-small_mu,3,linear,{},linear,0.5666666666666667,rbf,"{'C': 0.5, 'gamma': 'scale'}","{'thetas': array([0.0017, 0.0025, 0.0075]), 'lambdas': array([0.0017, 0.0025, 0.0075]), 'D_scores': array([291.9117, 200.1217,  63.9215])}",weak500,2
MY-small_mu,3,rbf,{'gamma': 0.0016314126892635484},rbf(gamma=0.0016314126892635484),0.5333333333333333,rbf,"{'C': 1.0, 'gamma': 0.5}","{'thetas': array([0.    , 0.0001, 0.0002]), 'lambdas': array([0.    , 0.0001, 0.0002]), 'D_scores': array([55326.2326,  9007.3935,  3052.0637])}",weak500,2
MY-small_mu,3,laplacian,{'gamma': 0.0016314126892635484},laplacian(gamma=0.0016314126892635484),0.5242424242424243,rbf,"{'C': 0.5, 'gamma': 0.5}","{'thetas': array([0.    , 0.0001, 0.0002]), 'lambdas': array([0.    , 0.0001, 0.0002]), 'D_scores': array([45925.7494,  5372.6515,  2345.9056])}",weak500,2
MY-small_mu,3,polynomial,"{'degree': 2, 'gamma': 0.0016314126892635484, 'coef0': 1.0}","polynomial(coef0=1.0, degree=2, gamma=0.0016314126892635484)",0.5545454545454546,rbf,"{'C': 2.0, 'gamma': 0.5}","{'thetas': array([0.0006, 0.0011, 0.0014]), 'lambdas': array([0.0006, 0.0011, 0.0014]), 'D_scores': array([872.8056, 439.4254, 361.7846])}",weak500,2
MY-small_mu,3,sigmoid,"{'gamma': 0.0016314126892635484, 'coef0': 0.0}","sigmoid(coef0=0.0, gamma=0.0016314126892635484)",0.5060606060606061,rbf,"{'C': 1.0, 'gamma': 'scale'}","{'thetas': array([0.0068, 0.0093, 0.0122]), 'lambdas': array([0.0068, 0.0093, 0.0122]), 'D_scores': array([70.4218, 50.7813, 38.2849])}",weak500,2
MY-small_mu,4,linear,{},linear,0.4909090909090909,rbf,"{'C': 2.0, 'gamma': 0.5}","{'thetas': array([0.0006, 0.0048, 0.0077, 0.011 ]), 'lambdas': array([0.0006, 0.0048, 0.0077, 0.011 ]), 'D_scores': array([829.3245, 100.3128,  62.0677,  42.8585])}",weak500,2
MY-small_mu,4,rbf,{'gamma': 0.0016314126892635484},rbf(gamma=0.0016314126892635484),0.5151515151515151,rbf,"{'C': 1.0, 'gamma': 'scale'}","{'thetas': array([0.    , 0.0001, 0.0001, 0.0002]), 'lambdas': array([0.    , 0.0001, 0.0001, 0.0002]), 'D_scores': array([12188.1023,  5893.1155,  5404.496 ,  2212.6759])}",weak500,2
MY-small_mu,4,laplacian,{'gamma': 0.0016314126892635484},laplacian(gamma=0.0016314126892635484),0.5151515151515151,rbf,"{'C': 0.5, 'gamma': 'scale'}","{'thetas': array([0.0001, 0.0002, 0.0002, 0.0003]), 'lambdas': array([0.0001, 0.0002, 0.0002, 0.0003]), 'D_scores': array([5469.5796, 2965.2917, 2585.1095, 1568.7339])}",weak500,2
MY-small_mu,4,polynomial,"{'degree': 2, 'gamma': 0.0016314126892635484, 'coef0': 1.0}","polynomial(coef0=1.0, degree=2, gamma=0.0016314126892635484)",0.5303030303030303,rbf,"{'C': 0.5, 'gamma': 0.5}","{'thetas': array([0.0001, 0.0008, 0.0016, 0.0032]), 'lambdas': array([0.0001, 0.0008, 0.0016, 0.0032]), 'D_scores': array([3517.4015,  634.9797,  303.5504,  154.8024])}",weak500,2
MY-small_mu,4,sigmoid,"{'gamma': 0.0016314126892635484, 'coef0': 0.0}","sigmoid(coef0=0.0, gamma=0.0016314126892635484)",0.5212121212121212,poly,"{'C': 1.0, 'gamma': 'scale', 'degree': 2, 'coef0': 1.0}","{'thetas': array([0.0009, 0.0086, 0.0118, 0.0133]), 'lambdas': array([0.0009, 0.0086, 0.0118, 0.0133]), 'D_scores': array([525.2899,  55.3365,  39.6622,  35.0033])}",weak500,2
KFDA-1D,1,linear,{},linear,0.5303030303030303,rbf,"{'C': 0.5, 'gamma': 0.5}","{'top_lambda': 739.9241104999918, 'd_norm': 160.86572971475724}",weak500,3
KFDA-1D,1,rbf,{'gamma': 0.0016219320270887396},rbf(gamma=0.0016219320270887396),0.5151515151515151,rbf,"{'C': 0.5, 'gamma': 0.5}","{'top_lambda': 50004.24406396785, 'd_norm': 0.19989898023945749}",weak500,3
KFDA-1D,1,laplacian,{'gamma': 0.0016219320270887396},laplacian(gamma=0.0016219320270887396),0.4636363636363636,linear,{'C': 0.5},"{'top_lambda': 48279.04223624484, 'd_norm': 0.14620232824594848}",weak500,3
KFDA-1D,1,polynomial,"{'degree': 2, 'gamma': 0.0016219320270887396, 'coef0': 1.0}","polynomial(coef0=1.0, degree=2, gamma=0.0016219320270887396)",0.5,linear,{'C': 1.0},"{'top_lambda': 39567.80620300493, 'd_norm': 0.7390611739612999}",weak500,3
KFDA-1D,1,sigmoid,"{'gamma': 0.0016219320270887396, 'coef0': 0.0}","sigmoid(coef0=0.0, gamma=0.0016219320270887396)",0.5424242424242425,rbf,"{'C': 0.5, 'gamma': 0.5}","{'top_lambda': 420.26434244397825, 'd_norm': 0.21185274192555956}",weak500,3
MY-large_mu,1,linear,{},linear,0.509090909090909,rbf,"{'C': 0.5, 'gamma': 'scale'}","{'thetas': array([0.0022]), 'lambdas': array([0.0022]), 'gvals': array([224.3991])}",weak500,3
MY-large_mu,1,rbf,{'gamma': 0.0016219320270887396},rbf(gamma=0.0016219320270887396),0.5272727272727272,rbf,"{'C': 0.5, 'gamma': 0.5}","{'thetas': array([0.]), 'lambdas': array([0.]), 'gvals': array([15120.4856])}",weak500,3
MY-large_mu,1,laplacian,{'gamma': 0.0016219320270887396},laplacian(gamma=0.0016219320270887396),0.5333333333333333,rbf,"{'C': 0.5, 'gamma': 0.5}","{'thetas': array([0.0001]), 'lambdas': array([0.0001]), 'gvals': array([5493.5116])}",weak500,3
MY-large_mu,1,polynomial,"{'degree': 2, 'gamma': 0.0016219320270887396, 'coef0': 1.0}","polynomial(coef0=1.0, degree=2, gamma=0.0016219320270887396)",0.5484848484848485,rbf,"{'C': 0.5, 'gamma': 'scale'}","{'thetas': array([0.0004]), 'lambdas': array([0.0004]), 'gvals': array([1375.9004])}",weak500,3
MY-large_mu,1,sigmoid,"{'gamma': 0.0016219320270887396, 'coef0': 0.0}","sigmoid(coef0=0.0, gamma=0.0016219320270887396)",0.509090909090909,rbf,"{'C': 2.0, 'gamma': 'scale'}","{'thetas': array([0.0008]), 'lambdas': array([0.0008]), 'gvals': array([624.033])}",weak500,3
MY-large_mu,2,linear,{},linear,0.6727272727272727,linear,{'C': 0.5},"{'thetas': array([0.0008, 0.0015]), 'lambdas': array([0.0008, 0.0015]), 'gvals': array([604.9089, 339.222 ])}",weak500,3
MY-large_mu,2,rbf,{'gamma': 0.0016219320270887396},rbf(gamma=0.0016219320270887396),0.5121212121212121,poly,"{'C': 0.5, 'gamma': 'scale', 'degree': 2, 'coef0': 1.0}","{'thetas': array([0.0001, 0.0001]), 'lambdas': array([0.0001, 0.0001]), 'gvals': array([8695.1757, 5190.3173])}",weak500,3
MY-large_mu,2,laplacian,{'gamma': 0.0016219320270887396},laplacian(gamma=0.0016219320270887396),0.5151515151515151,poly,"{'C': 0.5, 'gamma': 'scale', 'degree': 2, 'coef0': 1.0}","{'thetas': array([0.    , 0.0001]), 'lambdas': array([0.    , 0.0001]), 'gvals': array([102154.7303,   5845.7429])}",weak500,3
MY-large_mu,2,polynomial,"{'degree': 2, 'gamma': 0.0016219320270887396, 'coef0': 1.0}","polynomial(coef0=1.0, degree=2, gamma=0.0016219320270887396)",0.4909090909090909,rbf,"{'C': 2.0, 'gamma': 'scale'}","{'thetas': array([0.0005, 0.0009]), 'lambdas': array([0.0005, 0.0009]), 'gvals': array([1092.1929,  565.2739])}",weak500,3
MY-large_mu,2,sigmoid,"{'gamma': 0.0016219320270887396, 'coef0': 0.0}","sigmoid(coef0=0.0, gamma=0.0016219320270887396)",0.6545454545454545,linear,{'C': 2.0},"{'thetas': array([0.0008, 0.0029]), 'lambdas': array([0.0008, 0.0029]), 'gvals': array([643.5005, 167.9192])}",weak500,3
MY-large_mu,3,linear,{},linear,0.48484848484848486,rbf,"{'C': 1.0, 'gamma': 0.5}","{'thetas': array([0.0009, 0.0032, 0.0042]), 'lambdas': array([0.0009, 0.0032, 0.0042]), 'gvals': array([548.9495, 152.7721, 115.721 ])}",weak500,3
MY-large_mu,3,rbf,{'gamma': 0.0016219320270887396},rbf(gamma=0.0016219320270887396),0.5242424242424243,poly,"{'C': 2.0, 'gamma': 'scale', 'degree': 2, 'coef0': 1.0}","{'thetas': array([0.    , 0.    , 0.0002]), 'lambdas': array([0.    , 0.    , 0.0002]), 'gvals': array([17016.9098, 10336.782 ,  2457.6151])}",weak500,3
MY-large_mu,3,laplacian,{'gamma': 0.0016219320270887396},laplacian(gamma=0.0016219320270887396),0.5212121212121212,poly,"{'C': 1.0, 'gamma': 'scale', 'degree': 2, 'coef0': 1.0}","{'thetas': array([0.    , 0.0001, 0.0001]), 'lambdas': array([0.    , 0.0001, 0.0001]), 'gvals': array([27117.3067,  5828.8981,  4517.3098])}",weak500,3
MY-large_mu,3,polynomial,"{'degree': 2, 'gamma': 0.0016219320270887396, 'coef0': 1.0}","polynomial(coef0=1.0, degree=2, gamma=0.0016219320270887396)",0.5545454545454546,rbf,"{'C': 1.0, 'gamma': 0.5}","{'thetas': array([0.0006, 0.0007, 0.0012]), 'lambdas': array([0.0006, 0.0007, 0.0012]), 'gvals': array([898.1233, 662.6323, 424.2888])}",weak500,3
MY-large_mu,3,sigmoid,"{'gamma': 0.0016219320270887396, 'coef0': 0.0}","sigmoid(coef0=0.0, gamma=0.0016219320270887396)",0.503030303030303,poly,"{'C': 0.5, 'gamma': 'scale', 'degree': 2, 'coef0': 1.0}","{'thetas': array([0.0017, 0.0034, 0.0038]), 'lambdas': array([0.0017, 0.0034, 0.0038]), 'gvals': array([282.3028, 144.3375, 128.9813])}",weak500,3
MY-large_mu,4,linear,{},linear,0.5484848484848485,rbf,"{'C': 2.0, 'gamma': 'scale'}","{'thetas': array([0.0001, 0.002 , 0.0047, 0.0066]), 'lambdas': array([0.0001, 0.002 , 0.0047, 0.0066]), 'gvals': array([4348.4588,  242.7724,  103.4746,   72.8554])}",weak500,3
MY-large_mu,4,rbf,{'gamma': 0.0016219320270887396},rbf(gamma=0.0016219320270887396),0.503030303030303,rbf,"{'C': 1.0, 'gamma': 0.5}","{'thetas': array([0.    , 0.0002, 0.0002, 0.0004]), 'lambdas': array([0.    , 0.0002, 0.0002, 0.0004]), 'gvals': array([15592.0612,  2508.5507,  2068.666 ,  1370.9247])}",weak500,3
MY-large_mu,4,laplacian,{'gamma': 0.0016219320270887396},laplacian(gamma=0.0016219320270887396),0.5515151515151515,poly,"{'C': 2.0, 'gamma': 'scale', 'degree': 2, 'coef0': 1.0}","{'thetas': array([0.0001, 0.0002, 0.0003, 0.0005]), 'lambdas': array([0.0001, 0.0002, 0.0003, 0.0005]), 'gvals': array([5050.5911, 2983.4691, 1424.2454,  970.3013])}",weak500,3
MY-large_mu,4,polynomial,"{'degree': 2, 'gamma': 0.0016219320270887396, 'coef0': 1.0}","polynomial(coef0=1.0, degree=2, gamma=0.0016219320270887396)",0.5484848484848485,rbf,"{'C': 1.0, 'gamma': 0.5}","{'thetas': array([0.    , 0.0002, 0.0009, 0.0023]), 'lambdas': array([0.    , 0.0002, 0.0009, 0.0023]), 'gvals': array([25962.5585,  2869.7951,   569.271 ,   213.3011])}",weak500,3
MY-large_mu,4,sigmoid,"{'gamma': 0.0016219320270887396, 'coef0': 0.0}","sigmoid(coef0=0.0, gamma=0.0016219320270887396)",0.5666666666666667,poly,"{'C': 0.5, 'gamma': 'scale', 'degree': 2, 'coef0': 1.0}","{'thetas': array([0.0028, 0.006 , 0.0079, 0.017 ]), 'lambdas': array([0.0028, 0.006 , 0.0079, 0.017 ]), 'gvals': array([173.9645,  79.9182,  60.1947,  26.9345])}",weak500,3
MY-small_mu,1,linear,{},linear,0.5545454545454546,rbf,"{'C': 1.0, 'gamma': 0.5}","{'thetas': array([0.0022]), 'lambdas': array([0.0022]), 'D_scores': array([224.4442])}",weak500,3
MY-small_mu,1,rbf,{'gamma': 0.0016219320270887396},rbf(gamma=0.0016219320270887396),0.509090909090909,rbf,"{'C': 1.0, 'gamma': 'scale'}","{'thetas': array([0.]), 'lambdas': array([0.]), 'D_scores': array([15120.5093])}",weak500,3
MY-small_mu,1,laplacian,{'gamma': 0.0016219320270887396},laplacian(gamma=0.0016219320270887396),0.47575757575757577,sigmoid,"{'C': 0.5, 'gamma': 'scale', 'coef0': 0.0}","{'thetas': array([0.0001]), 'lambdas': array([0.0001]), 'D_scores': array([5493.6868])}",weak500,3
MY-small_mu,1,polynomial,"{'degree': 2, 'gamma': 0.0016219320270887396, 'coef0': 1.0}","polynomial(coef0=1.0, degree=2, gamma=0.0016219320270887396)",0.5212121212121212,rbf,"{'C': 1.0, 'gamma': 'scale'}","{'thetas': array([0.0004]), 'lambdas': array([0.0004]), 'D_scores': array([1375.9777])}",weak500,3
MY-small_mu,1,sigmoid,"{'gamma': 0.0016219320270887396, 'coef0': 0.0}","sigmoid(coef0=0.0, gamma=0.0016219320270887396)",0.5727272727272728,rbf,"{'C': 1.0, 'gamma': 0.5}","{'thetas': array([0.0008]), 'lambdas': array([0.0008]), 'D_scores': array([624.0368])}",weak500,3
MY-small_mu,2,linear,{},linear,0.5636363636363636,rbf,"{'C': 0.5, 'gamma': 'scale'}","{'thetas': array([0.0008, 0.0015]), 'lambdas': array([0.0008, 0.0015]), 'D_scores': array([605.9007, 339.6033])}",weak500,3
MY-small_mu,2,rbf,{'gamma': 0.0016219320270887396},rbf(gamma=0.0016219320270887396),0.509090909090909,rbf,"{'C': 0.5, 'gamma': 'scale'}","{'thetas': array([0.0001, 0.0001]), 'lambdas': array([0.0001, 0.0001]), 'D_scores': array([8695.1872, 5190.3721])}",weak500,3
MY-small_mu,2,laplacian,{'gamma': 0.0016219320270887396},laplacian(gamma=0.0016219320270887396),0.48787878787878786,rbf,"{'C': 1.0, 'gamma': 'scale'}","{'thetas': array([0.    , 0.0001]), 'lambdas': array([0.    , 0.0001]), 'D_scores': array([102154.7317,   5845.8538])}",weak500,3
MY-small_mu,2,polynomial,"{'degree': 2, 'gamma': 0.0016219320270887396, 'coef0': 1.0}","polynomial(coef0=1.0, degree=2, gamma=0.0016219320270887396)",0.5484848484848485,poly,"{'C': 1.0, 'gamma': 'scale', 'degree': 2, 'coef0': 1.0}","{'thetas': array([0.0005, 0.0009]), 'lambdas': array([0.0005, 0.0009]), 'D_scores': array([1092.2024,  565.3031])}",weak500,3
MY-small_mu,2,sigmoid,"{'gamma': 0.0016219320270887396, 'coef0': 0.0}","sigmoid(coef0=0.0, gamma=0.0016219320270887396)",0.5696969696969697,rbf,"{'C': 0.5, 'gamma': 'scale'}","{'thetas': array([0.0008, 0.0029]), 'lambdas': array([0.0008, 0.0029]), 'D_scores': array([643.8021, 168.3987])}",weak500,3
MY-small_mu,3,linear,{},linear,0.509090909090909,poly,"{'C': 0.5, 'gamma': 'scale', 'degree': 2, 'coef0': 1.0}","{'thetas': array([0.0009, 0.0032, 0.0042]), 'lambdas': array([0.0009, 0.0032, 0.0042]), 'D_scores': array([549.0351, 152.8026, 115.7835])}",weak500,3
MY-small_mu,3,rbf,{'gamma': 0.0016219320270887396},rbf(gamma=0.0016219320270887396),0.5606060606060606,rbf,"{'C': 1.0, 'gamma': 'scale'}","{'thetas': array([0.    , 0.    , 0.0002]), 'lambdas': array([0.    , 0.    , 0.0002]), 'D_scores': array([17017.0243, 10336.7824,  2457.6164])}",weak500,3
MY-small_mu,3,laplacian,{'gamma': 0.0016219320270887396},laplacian(gamma=0.0016219320270887396),0.5333333333333333,poly,"{'C': 2.0, 'gamma': 'scale', 'degree': 2, 'coef0': 1.0}","{'thetas': array([0.    , 0.0001, 0.0001]), 'lambdas': array([0.    , 0.0001, 0.0001]), 'D_scores': array([27117.5127,  5828.8992,  4517.3389])}",weak500,3
MY-small_mu,3,polynomial,"{'degree': 2, 'gamma': 0.0016219320270887396, 'coef0': 1.0}","polynomial(coef0=1.0, degree=2, gamma=0.0016219320270887396)",0.5454545454545454,rbf,"{'C': 2.0, 'gamma': 0.5}","{'thetas': array([0.0006, 0.0007, 0.0012]), 'lambdas': array([0.0006, 0.0007, 0.0012]), 'D_scores': array([898.1658, 662.6325, 424.3346])}",weak500,3
MY-small_mu,3,sigmoid,"{'gamma': 0.0016219320270887396, 'coef0': 0.0}","sigmoid(coef0=0.0, gamma=0.0016219320270887396)",0.5303030303030303,poly,"{'C': 0.5, 'gamma': 'scale', 'degree': 2, 'coef0': 1.0}","{'thetas': array([0.0017, 0.0034, 0.0038]), 'lambdas': array([0.0017, 0.0034, 0.0038]), 'D_scores': array([282.3484, 144.3681, 129.2322])}",weak500,3
MY-small_mu,4,linear,{},linear,0.5666666666666667,rbf,"{'C': 0.5, 'gamma': 'scale'}","{'thetas': array([0.0001, 0.002 , 0.0047, 0.0066]), 'lambdas': array([0.0001, 0.002 , 0.0047, 0.0066]), 'D_scores': array([4348.8824,  243.5352,  103.674 ,   72.8572])}",weak500,3
MY-small_mu,4,rbf,{'gamma': 0.0016219320270887396},rbf(gamma=0.0016219320270887396),0.5,rbf,"{'C': 2.0, 'gamma': 'scale'}","{'thetas': array([0.    , 0.0002, 0.0002, 0.0004]), 'lambdas': array([0.    , 0.0002, 0.0002, 0.0004]), 'D_scores': array([15592.0825,  2508.5667,  2068.677 ,  1370.9248])}",weak500,3
MY-small_mu,4,laplacian,{'gamma': 0.0016219320270887396},laplacian(gamma=0.0016219320270887396),0.5121212121212121,rbf,"{'C': 0.5, 'gamma': 'scale'}","{'thetas': array([0.0001, 0.0002, 0.0003, 0.0005]), 'lambdas': array([0.0001, 0.0002, 0.0003, 0.0005]), 'D_scores': array([5050.5951, 2983.4761, 1424.2518,  970.3301])}",weak500,3
MY-small_mu,4,polynomial,"{'degree': 2, 'gamma': 0.0016219320270887396, 'coef0': 1.0}","polynomial(coef0=1.0, degree=2, gamma=0.0016219320270887396)",0.5393939393939394,rbf,"{'C': 1.0, 'gamma': 'scale'}","{'thetas': array([0.    , 0.0002, 0.0009, 0.0023]), 'lambdas': array([0.    , 0.0002, 0.0009, 0.0023]), 'D_scores': array([25968.3452,  2869.7955,   569.33  ,   213.3052])}",weak500,3
MY-small_mu,4,sigmoid,"{'gamma': 0.0016219320270887396, 'coef0': 0.0}","sigmoid(coef0=0.0, gamma=0.0016219320270887396)",0.5545454545454546,poly,"{'C': 1.0, 'gamma': 'scale', 'degree': 2, 'coef0': 1.0}","{'thetas': array([0.0028, 0.006 , 0.0079, 0.017 ]), 'lambdas': array([0.0028, 0.006 , 0.0079, 0.017 ]), 'D_scores': array([174.2758,  79.9994,  60.2612,  26.9435])}",weak500,3
