pair,class0,class1,rep,r,acc,probe_C,epochs
airplane vs bird,airplane,bird,0,1,0.9675,0.1,16
airplane vs bird,airplane,bird,0,2,0.9675,0.1,16
airplane vs bird,airplane,bird,0,4,0.965,0.1,16
airplane vs bird,airplane,bird,0,6,0.96,0.1,16
airplane vs bird,airplane,bird,0,8,0.9625,0.1,16
airplane vs bird,airplane,bird,0,10,0.965,0.1,16
airplane vs bird,airplane,bird,0,16,0.9675,0.1,16
airplane vs bird,airplane,bird,0,24,0.9675,0.1,16
airplane vs bird,airplane,bird,1,1,0.96,0.1,16
airplane vs bird,airplane,bird,1,2,0.96,0.1,16
airplane vs bird,airplane,bird,1,4,0.9575,0.1,16
airplane vs bird,airplane,bird,1,6,0.9575,0.1,16
airplane vs bird,airplane,bird,1,8,0.9575,0.1,16
airplane vs bird,airplane,bird,1,10,0.96,0.1,16
airplane vs bird,airplane,bird,1,16,0.955,0.1,16
airplane vs bird,airplane,bird,1,24,0.955,0.1,16
airplane vs bird,airplane,bird,2,1,0.97,0.1,16
airplane vs bird,airplane,bird,2,2,0.97,0.1,16
airplane vs bird,airplane,bird,2,4,0.9725,0.1,16
airplane vs bird,airplane,bird,2,6,0.9725,0.1,16
airplane vs bird,airplane,bird,2,8,0.975,0.1,16
airplane vs bird,airplane,bird,2,10,0.9675,0.1,16
airplane vs bird,airplane,bird,2,16,0.97,0.1,16
airplane vs bird,airplane,bird,2,24,0.9725,0.1,16
airplane vs ship,airplane,ship,0,1,0.92,0.1,16
airplane vs ship,airplane,ship,0,2,0.915,0.1,16
airplane vs ship,airplane,ship,0,4,0.925,0.1,16
airplane vs ship,airplane,ship,0,6,0.925,0.1,16
airplane vs ship,airplane,ship,0,8,0.925,0.1,16
airplane vs ship,airplane,ship,0,10,0.9225,0.1,16
airplane vs ship,airplane,ship,0,16,0.92,0.1,16
airplane vs ship,airplane,ship,0,24,0.915,0.1,16
airplane vs ship,airplane,ship,1,1,0.9275,0.1,16
airplane vs ship,airplane,ship,1,2,0.9275,0.1,16
airplane vs ship,airplane,ship,1,4,0.925,0.1,16
airplane vs ship,airplane,ship,1,6,0.925,0.1,16
airplane vs ship,airplane,ship,1,8,0.9225,0.1,16
airplane vs ship,airplane,ship,1,10,0.9225,0.1,16
airplane vs ship,airplane,ship,1,16,0.92,0.1,16
airplane vs ship,airplane,ship,1,24,0.9225,0.1,16
airplane vs ship,airplane,ship,2,1,0.9325,0.1,16
airplane vs ship,airplane,ship,2,2,0.93,0.1,16
airplane vs ship,airplane,ship,2,4,0.93,0.1,16
airplane vs ship,airplane,ship,2,6,0.935,0.1,16
airplane vs ship,airplane,ship,2,8,0.93,0.1,16
airplane vs ship,airplane,ship,2,10,0.9275,0.1,16
airplane vs ship,airplane,ship,2,16,0.9325,0.1,16
airplane vs ship,airplane,ship,2,24,0.9225,0.1,16
automobile vs truck,automobile,truck,0,1,0.895,0.1,16
automobile vs truck,automobile,truck,0,2,0.895,0.1,16
automobile vs truck,automobile,truck,0,4,0.895,0.1,16
automobile vs truck,automobile,truck,0,6,0.895,0.1,16
automobile vs truck,automobile,truck,0,8,0.8925,0.1,16
automobile vs truck,automobile,truck,0,10,0.895,0.1,16
automobile vs truck,automobile,truck,0,16,0.8975,0.1,16
automobile vs truck,automobile,truck,0,24,0.9,0.1,16
automobile vs truck,automobile,truck,1,1,0.8925,0.1,16
automobile vs truck,automobile,truck,1,2,0.895,0.1,16
automobile vs truck,automobile,truck,1,4,0.895,0.1,16
automobile vs truck,automobile,truck,1,6,0.895,0.1,16
automobile vs truck,automobile,truck,1,8,0.895,0.1,16
automobile vs truck,automobile,truck,1,10,0.885,0.1,16
automobile vs truck,automobile,truck,1,16,0.89,0.1,16
automobile vs truck,automobile,truck,1,24,0.885,0.1,16
automobile vs truck,automobile,truck,2,1,0.9,0.1,16
automobile vs truck,automobile,truck,2,2,0.8975,0.1,16
automobile vs truck,automobile,truck,2,4,0.895,0.1,16
automobile vs truck,automobile,truck,2,6,0.895,0.1,16
automobile vs truck,automobile,truck,2,8,0.9,0.1,16
automobile vs truck,automobile,truck,2,10,0.9025,0.1,16
automobile vs truck,automobile,truck,2,16,0.9075,1.0,16
automobile vs truck,automobile,truck,2,24,0.9,0.1,16
cat vs dog,cat,dog,0,1,0.84,0.1,16
cat vs dog,cat,dog,0,2,0.8375,0.1,16
cat vs dog,cat,dog,0,4,0.8525,0.1,16
cat vs dog,cat,dog,0,6,0.845,0.1,16
cat vs dog,cat,dog,0,8,0.8475,0.1,16
cat vs dog,cat,dog,0,10,0.84,0.1,16
cat vs dog,cat,dog,0,16,0.8375,0.1,16
cat vs dog,cat,dog,0,24,0.8375,0.1,16
cat vs dog,cat,dog,1,1,0.8325,0.1,16
cat vs dog,cat,dog,1,2,0.82,0.1,16
cat vs dog,cat,dog,1,4,0.84,0.1,16
cat vs dog,cat,dog,1,6,0.835,0.1,16
cat vs dog,cat,dog,1,8,0.8375,0.1,16
cat vs dog,cat,dog,1,10,0.84,0.1,16
cat vs dog,cat,dog,1,16,0.835,0.1,16
cat vs dog,cat,dog,1,24,0.835,0.1,16
cat vs dog,cat,dog,2,1,0.8375,0.1,16
cat vs dog,cat,dog,2,2,0.8325,0.1,16
cat vs dog,cat,dog,2,4,0.835,0.1,16
cat vs dog,cat,dog,2,6,0.8375,0.1,16
cat vs dog,cat,dog,2,8,0.8425,0.1,16
cat vs dog,cat,dog,2,10,0.8375,0.1,16
cat vs dog,cat,dog,2,16,0.845,0.1,16
cat vs dog,cat,dog,2,24,0.84,0.1,16
deer vs horse,deer,horse,0,1,0.845,0.1,16
deer vs horse,deer,horse,0,2,0.84,0.1,16
deer vs horse,deer,horse,0,4,0.865,0.1,16
deer vs horse,deer,horse,0,6,0.86,0.1,16
deer vs horse,deer,horse,0,8,0.865,0.1,16
deer vs horse,deer,horse,0,10,0.8625,0.1,16
deer vs horse,deer,horse,0,16,0.8625,0.1,16
deer vs horse,deer,horse,0,24,0.865,0.1,16
deer vs horse,deer,horse,1,1,0.8625,0.1,16
deer vs horse,deer,horse,1,2,0.85,0.1,16
deer vs horse,deer,horse,1,4,0.8525,0.1,16
deer vs horse,deer,horse,1,6,0.86,0.1,16
deer vs horse,deer,horse,1,8,0.855,0.1,16
deer vs horse,deer,horse,1,10,0.855,0.1,16
deer vs horse,deer,horse,1,16,0.85,0.1,16
deer vs horse,deer,horse,1,24,0.8575,0.1,16
deer vs horse,deer,horse,2,1,0.8825,0.1,16
deer vs horse,deer,horse,2,2,0.8775,0.1,16
deer vs horse,deer,horse,2,4,0.8725,1.0,16
deer vs horse,deer,horse,2,6,0.88,0.1,16
deer vs horse,deer,horse,2,8,0.875,0.1,16
deer vs horse,deer,horse,2,10,0.8725,0.1,16
deer vs horse,deer,horse,2,16,0.88,0.1,16
deer vs horse,deer,horse,2,24,0.875,1.0,16
ship vs truck,ship,truck,0,1,0.975,0.1,16
ship vs truck,ship,truck,0,2,0.9725,0.1,16
ship vs truck,ship,truck,0,4,0.975,0.1,16
ship vs truck,ship,truck,0,6,0.975,0.1,16
ship vs truck,ship,truck,0,8,0.975,0.1,16
ship vs truck,ship,truck,0,10,0.9775,0.1,16
ship vs truck,ship,truck,0,16,0.9725,0.1,16
ship vs truck,ship,truck,0,24,0.97,0.1,16
ship vs truck,ship,truck,1,1,0.9675,0.1,16
ship vs truck,ship,truck,1,2,0.97,0.1,16
ship vs truck,ship,truck,1,4,0.97,0.1,16
ship vs truck,ship,truck,1,6,0.97,0.1,16
ship vs truck,ship,truck,1,8,0.9675,0.1,16
ship vs truck,ship,truck,1,10,0.9725,0.1,16
ship vs truck,ship,truck,1,16,0.9725,0.1,16
ship vs truck,ship,truck,1,24,0.9725,0.1,16
ship vs truck,ship,truck,2,1,0.9725,0.1,16
ship vs truck,ship,truck,2,2,0.97,0.1,16
ship vs truck,ship,truck,2,4,0.9675,0.1,16
ship vs truck,ship,truck,2,6,0.9625,0.1,16
ship vs truck,ship,truck,2,8,0.9625,0.1,16
ship vs truck,ship,truck,2,10,0.9625,0.1,16
ship vs truck,ship,truck,2,16,0.965,0.1,16
ship vs truck,ship,truck,2,24,0.97,0.1,16
